system,id,bucket,noise_class,snr_in,clipped,ref_dropout,impulse_peak_db,fault,speech_source,snr_out,si_sdr,stoi,pesq_wb,dnsmos_sig,dnsmos_bak,dnsmos_ovrl,recovery_s,asr_text
raw,0000,changing_-10,changing,-10.0,False,False,,,cvhi:common_voice_hi_23796048,-13.369422912597656,-12.95376968383789,0.8306231994421508,1.0401164293289185,nan,nan,nan,nan,
raw,0001,changing_-10,changing,-10.0,False,False,,,ls:87-121553-0085,-10.947562217712402,-10.968670845031738,0.8149276876457004,1.0232573747634888,nan,nan,nan,nan,
raw,0002,changing_-10,changing,-10.0,False,False,,,ls:4051-10927-0023,-10.864709854125977,-11.072588920593262,0.7744973456721441,1.036982536315918,nan,nan,nan,nan,
raw,0003,changing_-10,changing,-10.0,True,False,,,ls:328-129766-0003,-9.863884925842285,-9.882002830505371,0.6750819084833644,1.02323317527771,nan,nan,nan,nan,
raw,0004,changing_-10,changing,-10.0,False,False,,,ls:1926-147979-0020,-11.047416687011719,-11.145139694213867,0.6878809355963484,1.0390088558197021,nan,nan,nan,nan,
raw,0005,changing_-10,changing,-10.0,True,False,,,ls:2007-132570-0045,-11.102046012878418,-11.171518325805664,0.7931270518879168,1.06240975856781,nan,nan,nan,nan,
raw,0006,changing_-10,changing,-10.0,False,False,,,ls:4830-25904-0015,-11.672467231750488,-11.748442649841309,0.7270124383826799,1.0679973363876343,nan,nan,nan,nan,
raw,0007,changing_-10,changing,-10.0,False,False,,,ls:6147-34607-0019,-11.219502449035645,-11.632333755493164,0.7839562127599538,1.046643853187561,nan,nan,nan,nan,
raw,0008,changing_-10,changing,-10.0,False,False,,,ls:1081-125237-0089,-10.397261619567871,-10.672035217285156,0.6543622590250029,1.055440068244934,nan,nan,nan,nan,
raw,0009,changing_-10,changing,-10.0,False,True,,,cvhi:common_voice_hi_27749161,-13.169727325439453,-13.794039726257324,0.8546381525414232,1.0543866157531738,nan,nan,nan,nan,
raw,0010,changing_-10,changing,-10.0,False,True,,,ls:6272-70191-0025,-12.44544506072998,-11.847658157348633,0.8208359873134444,1.0607184171676636,nan,nan,nan,nan,
raw,0011,changing_-10,changing,-10.0,False,False,,,ls:7447-91186-0013,-11.528135299682617,-11.356162071228027,0.6558263799584713,1.0444709062576294,nan,nan,nan,nan,
raw,0012,changing_-10,changing,-10.0,False,False,,,cvhi:common_voice_hi_24359457,-11.720495223999023,-11.735757827758789,0.8215388073280034,1.0342273712158203,nan,nan,nan,nan,
raw,0013,changing_-10,changing,-10.0,False,False,,,ls:4830-25904-0029,-12.625862121582031,-12.117778778076172,0.7327352484493838,1.0575015544891357,nan,nan,nan,nan,
raw,0014,changing_-10,changing,-10.0,False,False,,,ls:1081-125237-0084,-9.759215354919434,-9.940279006958008,0.7144406719609803,1.0303149223327637,nan,nan,nan,nan,
raw,0015,changing_-10,changing,-10.0,False,False,,,ls:6385-34655-0035,-16.676523208618164,-16.152589797973633,0.9249181868813667,1.0474859476089478,nan,nan,nan,nan,
raw,0016,changing_-10,changing,-10.0,False,False,,,cvhi:common_voice_hi_24359425,-17.25400733947754,-17.340944290161133,0.9060190239169619,1.1667709350585938,nan,nan,nan,nan,
raw,0017,changing_-10,changing,-10.0,False,False,,,ls:328-129766-0014,-10.12742805480957,-10.105073928833008,0.7130647342955322,1.0227444171905518,nan,nan,nan,nan,
raw,0018,changing_-10,changing,-10.0,False,False,,,ls:302-123516-0017,-11.017322540283203,-10.662861824035645,0.8071004993995012,1.0245004892349243,nan,nan,nan,nan,
raw,0019,changing_-10,changing,-10.0,False,False,,,cvhi:common_voice_hi_24359400,-16.75366973876953,-16.75609016418457,0.7888879176028845,1.0598458051681519,nan,nan,nan,nan,
raw,0020,changing_-10,changing,-10.0,False,False,,,ls:6147-34606-0028,-11.794119834899902,-12.30220890045166,0.8768137830692391,1.0419024229049683,nan,nan,nan,nan,
raw,0021,changing_-10,changing,-10.0,True,False,,,ls:7402-59171-0006,-12.96640396118164,-13.667912483215332,0.7575958606065186,1.0632802248001099,nan,nan,nan,nan,
raw,0022,changing_-10,changing,-10.0,False,False,,,cvhi:common_voice_hi_25149717,-14.359230041503906,-14.654157638549805,0.7969474256543003,1.0439449548721313,nan,nan,nan,nan,
raw,0023,changing_-10,changing,-10.0,False,False,,,ls:7447-91187-0025,-10.472025871276855,-10.292623519897461,0.8673919855692747,1.0484437942504883,nan,nan,nan,nan,
raw,0024,changing_-10,changing,-10.0,False,False,,,ls:6078-54013-0018,-11.58753776550293,-11.988149642944336,0.8106225063075284,1.0361770391464233,nan,nan,nan,nan,
raw,0025,changing_-10,changing,-10.0,False,False,,,ls:4051-10927-0014,-11.830703735351562,-11.732162475585938,0.752154133248066,1.0314068794250488,nan,nan,nan,nan,
raw,0026,changing_-10,changing,-10.0,False,False,,,ls:1081-125237-0021,-9.842623710632324,-10.295878410339355,0.8017266003704957,1.062793493270874,nan,nan,nan,nan,
raw,0027,changing_-10,changing,-10.0,False,False,,,ls:2391-145015-0036,-11.887102127075195,-11.504363059997559,0.9038076377514622,1.1281707286834717,nan,nan,nan,nan,
raw,0028,changing_-10,changing,-10.0,True,False,,,cvhi:common_voice_hi_27749242,-13.428569793701172,-13.42475700378418,0.7984907518074527,1.04166579246521,nan,nan,nan,nan,
raw,0029,changing_-10,changing,-10.0,False,False,,,ls:6147-34605-0021,-11.806312561035156,-11.676017761230469,0.7593634747827066,1.0362833738327026,nan,nan,nan,nan,
raw,0030,changing_-10,changing,-10.0,False,False,,,ls:1081-125237-0030,-10.534555435180664,-11.030017852783203,0.6690150277197487,1.14393949508667,nan,nan,nan,nan,
raw,0031,changing_-10,changing,-10.0,False,False,,,ls:7402-90848-0033,-11.247044563293457,-10.666699409484863,0.7650518181006734,1.023525357246399,nan,nan,nan,nan,
raw,0032,changing_-10,changing,-10.0,False,False,,,ls:5192-19397-0045,-10.224176406860352,-10.119935035705566,0.7686742433347342,1.1134977340698242,nan,nan,nan,nan,
raw,0033,changing_-10,changing,-10.0,False,False,,,ls:6078-54007-0048,-11.205917358398438,-11.213513374328613,0.8473916563651653,1.087841510772705,nan,nan,nan,nan,
raw,0034,changing_-10,changing,-10.0,False,False,,,ls:6385-220959-0040,-13.56616497039795,-14.109925270080566,0.8790434372760505,1.0261391401290894,nan,nan,nan,nan,
raw,0035,changing_-10,changing,-10.0,False,False,,,ls:87-121553-0086,-10.697555541992188,-11.188257217407227,0.7697547042333759,1.024633526802063,nan,nan,nan,nan,
raw,0036,changing_-10,changing,-10.0,False,False,,,ls:1926-143879-0005,-12.270426750183105,-12.036523818969727,0.7856952169451549,1.05398428440094,nan,nan,nan,nan,
raw,0037,changing_-10,changing,-10.0,False,False,,,ls:2007-149877-0059,-11.506036758422852,-11.506080627441406,0.7843196881798747,1.025947093963623,nan,nan,nan,nan,
raw,0038,changing_-10,changing,-10.0,False,False,,,ls:2391-145015-0106,-11.41939640045166,-11.748678207397461,0.7684604283650468,1.0320885181427002,nan,nan,nan,nan,
raw,0039,changing_-10,changing,-10.0,False,False,,,ls:5192-19397-0032,-13.615320205688477,-14.470890998840332,0.8664351306048418,1.3741512298583984,nan,nan,nan,nan,
raw,0000,changing_-5,changing,-5.0,False,False,,,ls:6147-34607-0000,-7.7538228034973145,-7.552943229675293,0.783169384764237,1.0642679929733276,nan,nan,nan,nan,
raw,0001,changing_-5,changing,-5.0,False,True,,,ls:328-129766-0069,-5.244603633880615,-4.886722564697266,0.8671108139790359,1.1554704904556274,nan,nan,nan,nan,
raw,0002,changing_-5,changing,-5.0,False,False,,,ls:6272-70191-0037,-6.315916061401367,-6.3207244873046875,0.8114867582883579,1.0652483701705933,nan,nan,nan,nan,
raw,0003,changing_-5,changing,-5.0,False,False,,,ls:4830-25904-0043,-7.032950401306152,-6.407037734985352,0.8089300827001504,1.0917692184448242,nan,nan,nan,nan,
raw,0004,changing_-5,changing,-5.0,False,False,,,ls:6272-70171-0025,-8.488932609558105,-8.367524147033691,0.8031387876439223,1.111591100692749,nan,nan,nan,nan,
raw,0005,changing_-5,changing,-5.0,False,True,,,ls:302-123516-0026,-7.261321544647217,-6.778203010559082,0.8299965730589717,1.042866826057434,nan,nan,nan,nan,
raw,0006,changing_-5,changing,-5.0,False,False,,,ls:1081-125237-0006,-4.513841152191162,-5.119836330413818,0.763590233878291,1.0826473236083984,nan,nan,nan,nan,
raw,0007,changing_-5,changing,-5.0,False,True,,,cvhi:common_voice_hi_24360553,-7.958136081695557,-8.350260734558105,0.9030515207863197,1.0424209833145142,nan,nan,nan,nan,
raw,0008,changing_-5,changing,-5.0,False,False,,,ls:1926-143879-0028,-6.530704021453857,-6.184239864349365,0.8468099208153383,1.0859956741333008,nan,nan,nan,nan,
raw,0009,changing_-5,changing,-5.0,False,False,,,ls:1926-143879-0036,-10.33370590209961,-10.288554191589355,0.8557428170328085,1.1789222955703735,nan,nan,nan,nan,
raw,0010,changing_-5,changing,-5.0,False,False,,,cvhi:common_voice_hi_26131738,-7.891572952270508,-8.129438400268555,0.7745812395871088,1.0268347263336182,nan,nan,nan,nan,
raw,0011,changing_-5,changing,-5.0,False,False,,,ls:302-123504-0012,-5.578079700469971,-5.549778461456299,0.9771918667282374,1.2085987329483032,nan,nan,nan,nan,
raw,0012,changing_-5,changing,-5.0,False,False,,,cvhi:common_voice_hi_24359416,-9.601752281188965,-9.127205848693848,0.8387159893139814,1.094997763633728,nan,nan,nan,nan,
raw,0013,changing_-5,changing,-5.0,False,False,,,ls:2514-149482-0060,-5.204751014709473,-5.595622539520264,0.8282673070525323,1.043683648109436,nan,nan,nan,nan,
raw,0014,changing_-5,changing,-5.0,False,False,,,ls:2391-145015-0100,-6.570825099945068,-7.124695301055908,0.8375088158449099,1.0345383882522583,nan,nan,nan,nan,
raw,0015,changing_-5,changing,-5.0,True,False,,,ls:2391-145015-0092,-5.711400508880615,-6.5373921394348145,0.8702961043199908,1.0905462503433228,nan,nan,nan,nan,
raw,0016,changing_-5,changing,-5.0,False,False,,,ls:7402-90848-0035,-7.175606727600098,-6.880902290344238,0.8820582587968233,1.132379412651062,nan,nan,nan,nan,
raw,0017,changing_-5,changing,-5.0,False,False,,,cvhi:common_voice_hi_26131366,-5.813472747802734,-6.18109130859375,0.9037576994828505,1.0520572662353516,nan,nan,nan,nan,
raw,0018,changing_-5,changing,-5.0,False,False,,,cvhi:common_voice_hi_25149665,-10.11011028289795,-9.784995079040527,0.9055433601997478,1.056520938873291,nan,nan,nan,nan,
raw,0019,changing_-5,changing,-5.0,False,False,,,cvhi:common_voice_hi_27860276,-5.953680992126465,-5.966646194458008,0.82945514344536,1.0675643682479858,nan,nan,nan,nan,
raw,0020,changing_-5,changing,-5.0,False,False,,,ls:2514-149482-0035,-5.846870422363281,-5.872497081756592,0.9527735654636516,1.207840919494629,nan,nan,nan,nan,
raw,0021,changing_-5,changing,-5.0,False,False,,,cvhi:common_voice_hi_27860295,-6.481157302856445,-6.121258735656738,0.8980214286897495,1.4990870952606201,nan,nan,nan,nan,
raw,0022,changing_-5,changing,-5.0,True,False,,,cvhi:common_voice_hi_27860276,-5.454855442047119,-6.0767621994018555,0.8562541846265564,1.16238272190094,nan,nan,nan,nan,
raw,0023,changing_-5,changing,-5.0,False,False,,,ls:1081-125237-0044,-5.666816711425781,-5.718985080718994,0.7656125400958514,1.1309490203857422,nan,nan,nan,nan,
raw,0024,changing_-5,changing,-5.0,False,False,,,ls:1081-125237-0059,-6.130795001983643,-6.023147106170654,0.8278803064030844,1.1111488342285156,nan,nan,nan,nan,
raw,0025,changing_-5,changing,-5.0,False,False,,,ls:2007-132570-0004,-6.538227081298828,-6.708991050720215,0.8770935027321207,1.0680285692214966,nan,nan,nan,nan,
raw,0026,changing_-5,changing,-5.0,False,False,,,ls:87-121553-0072,-6.896529674530029,-6.408295154571533,0.8627642608699416,1.0370573997497559,nan,nan,nan,nan,
raw,0027,changing_-5,changing,-5.0,False,False,,,cvhi:common_voice_hi_26152090,-8.604384422302246,-8.728438377380371,0.9108791653445598,1.1199182271957397,nan,nan,nan,nan,
raw,0028,changing_-5,changing,-5.0,False,False,,,ls:8098-278252-0015,-6.853999137878418,-6.640240669250488,0.9236591978319509,1.1816272735595703,nan,nan,nan,nan,
raw,0029,changing_-5,changing,-5.0,False,False,,,ls:1926-143879-0034,-6.219358921051025,-5.833090782165527,0.8250584000072723,1.0765907764434814,nan,nan,nan,nan,
raw,0030,changing_-5,changing,-5.0,False,True,,,ls:4051-11218-0040,-7.105422496795654,-6.779861927032471,0.9325178916704663,1.240725040435791,nan,nan,nan,nan,
raw,0031,changing_-5,changing,-5.0,False,False,,,cvhi:common_voice_hi_28885854,-8.615701675415039,-9.029573440551758,0.8704308906610343,1.195084571838379,nan,nan,nan,nan,
raw,0032,changing_-5,changing,-5.0,False,False,,,ls:302-123504-0022,-5.807191848754883,-5.638542175292969,0.8529545611229622,1.0258190631866455,nan,nan,nan,nan,
raw,0033,changing_-5,changing,-5.0,False,False,,,ls:5192-19396-0027,-5.738060474395752,-5.848539352416992,0.7442513905636875,1.0997260808944702,nan,nan,nan,nan,
raw,0034,changing_-5,changing,-5.0,False,False,,,ls:1926-147979-0049,-9.435440063476562,-9.703947067260742,0.8023938975543494,1.0563271045684814,nan,nan,nan,nan,
raw,0035,changing_-5,changing,-5.0,False,False,,,ls:6078-54007-0045,-6.707606792449951,-6.842319488525391,0.8865316310391044,1.2034977674484253,nan,nan,nan,nan,
raw,0036,changing_-5,changing,-5.0,False,False,,,ls:302-123516-0029,-6.27248477935791,-6.226415157318115,0.9422423269702532,1.0756839513778687,nan,nan,nan,nan,
raw,0037,changing_-5,changing,-5.0,False,False,,,ls:6272-70191-0034,-7.6664042472839355,-7.6107354164123535,0.923444950446935,1.0713971853256226,nan,nan,nan,nan,
raw,0038,changing_-5,changing,-5.0,False,False,,,cvhi:common_voice_hi_25149635,-9.909192085266113,-10.363046646118164,0.8724145221893801,1.0547853708267212,nan,nan,nan,nan,
raw,0039,changing_-5,changing,-5.0,False,False,,,ls:6272-70168-0004,-11.635835647583008,-11.753866195678711,0.8374018640856316,1.092329502105713,nan,nan,nan,nan,
raw,0000,changing_0,changing,0.0,False,False,,,ls:6385-220959-0010,-0.4776955246925354,-0.8236873149871826,0.8720085538955793,1.041555404663086,nan,nan,nan,nan,
raw,0001,changing_0,changing,0.0,False,False,,,ls:6078-54007-0014,-1.251537561416626,-1.5061759948730469,0.9412768647575163,1.154765009880066,nan,nan,nan,nan,
raw,0002,changing_0,changing,0.0,False,False,,,ls:2007-149877-0059,-1.6227223873138428,-1.5286459922790527,0.8858623055672975,1.1470510959625244,nan,nan,nan,nan,
raw,0003,changing_0,changing,0.0,False,False,,,cvhi:common_voice_hi_26131736,-3.345794677734375,-3.509200096130371,0.9307809242595245,1.148405909538269,nan,nan,nan,nan,
raw,0004,changing_0,changing,0.0,False,False,,,ls:7447-91187-0039,-1.3230122327804565,-1.1998811960220337,0.9388909907856664,1.6804908514022827,nan,nan,nan,nan,
raw,0005,changing_0,changing,0.0,False,True,,,ls:5192-19397-0064,0.6312929391860962,-0.1700131595134735,0.8440068889239859,1.425694227218628,nan,nan,nan,nan,
raw,0006,changing_0,changing,0.0,False,True,,,ls:4051-11218-0006,-0.3535553812980652,-0.7714719176292419,0.8966681992741674,1.0982311964035034,nan,nan,nan,nan,
raw,0007,changing_0,changing,0.0,False,False,,,cvhi:common_voice_hi_24225999,-5.678802013397217,-5.376916885375977,0.9255644379931941,1.1452378034591675,nan,nan,nan,nan,
raw,0008,changing_0,changing,0.0,False,False,,,cvhi:common_voice_hi_26088253,-1.7491636276245117,-1.4356344938278198,0.7580044352429307,1.0305088758468628,nan,nan,nan,nan,
raw,0009,changing_0,changing,0.0,False,False,,,ls:4830-25904-0044,-1.6587564945220947,-1.2251951694488525,0.8351232533060496,1.1679608821868896,nan,nan,nan,nan,
raw,0010,changing_0,changing,0.0,False,False,,,cvhi:common_voice_hi_24758398,-8.771869659423828,-8.805562019348145,0.9120987746032005,1.233958125114441,nan,nan,nan,nan,
raw,0011,changing_0,changing,0.0,False,False,,,ls:1926-143879-0036,-5.604435920715332,-5.27103328704834,0.9169149619846548,1.3657164573669434,nan,nan,nan,nan,
raw,0012,changing_0,changing,0.0,False,False,,,ls:302-123504-0009,-1.1515791416168213,-0.773235559463501,0.9407671141821904,1.1708163022994995,nan,nan,nan,nan,
raw,0013,changing_0,changing,0.0,True,False,,,cvhi:common_voice_hi_26152440,-8.06674861907959,-7.618120193481445,0.9421449089012209,1.258156180381775,nan,nan,nan,nan,
raw,0014,changing_0,changing,0.0,False,False,,,ls:2514-149482-0066,-0.7294646501541138,-1.1107908487319946,0.9350187626824771,1.3988561630249023,nan,nan,nan,nan,
raw,0015,changing_0,changing,0.0,False,False,,,ls:6385-34669-0016,-1.0723707675933838,-1.088425636291504,0.7440062774050662,1.0657024383544922,nan,nan,nan,nan,
raw,0016,changing_0,changing,0.0,True,False,,,ls:87-121553-0042,-0.7104829549789429,-1.842455267906189,0.8866581289585656,1.0990519523620605,nan,nan,nan,nan,
raw,0017,changing_0,changing,0.0,False,False,,,cvhi:common_voice_hi_27749265,-2.6139321327209473,-2.5235095024108887,0.8757015498902603,1.1304125785827637,nan,nan,nan,nan,
raw,0018,changing_0,changing,0.0,False,False,,,ls:6147-34607-0013,-1.0965650081634521,-0.6053999066352844,0.9147622260889243,1.830645203590393,nan,nan,nan,nan,
raw,0019,changing_0,changing,0.0,False,False,,,ls:328-129766-0091,-0.5503402948379517,-0.009783482179045677,0.9610822916913107,1.2895643711090088,nan,nan,nan,nan,
raw,0020,changing_0,changing,0.0,False,False,,,ls:1926-147979-0035,-1.8750247955322266,-1.3195842504501343,0.9536811952048426,1.5662248134613037,nan,nan,nan,nan,
raw,0021,changing_0,changing,0.0,False,False,,,ls:6078-54013-0077,-1.8240044116973877,-1.8378970623016357,0.8518077339790953,1.1062254905700684,nan,nan,nan,nan,
raw,0022,changing_0,changing,0.0,False,False,,,ls:6147-34606-0019,-2.87208890914917,-2.4273905754089355,0.8441180903536514,1.0882409811019897,nan,nan,nan,nan,
raw,0023,changing_0,changing,0.0,False,False,,,ls:6078-54007-0010,-2.097379684448242,-2.012857675552368,0.9685821138314649,1.447198748588562,nan,nan,nan,nan,
raw,0024,changing_0,changing,0.0,False,False,,,ls:4051-11218-0047,-1.34622323513031,-1.5420597791671753,0.9008963510384514,1.1940752267837524,nan,nan,nan,nan,
raw,0025,changing_0,changing,0.0,True,False,,,ls:5192-19397-0051,-0.5915422439575195,-0.08640280365943909,0.9064428444534254,1.248837947845459,nan,nan,nan,nan,
raw,0026,changing_0,changing,0.0,False,False,,,ls:328-129766-0004,0.4262607991695404,-0.30917298793792725,0.9198635211416346,1.2351393699645996,nan,nan,nan,nan,
raw,0027,changing_0,changing,0.0,False,False,,,ls:7447-91186-0031,-0.7823848724365234,-0.7314043045043945,0.9242285152625812,1.161975383758545,nan,nan,nan,nan,
raw,0028,changing_0,changing,0.0,False,False,,,ls:87-121553-0100,-1.4134507179260254,-1.9819836616516113,0.8422328364888808,1.0996685028076172,nan,nan,nan,nan,
raw,0029,changing_0,changing,0.0,False,False,,,cvhi:common_voice_hi_23833319,-0.6784129738807678,-0.7005139589309692,0.835156115183507,1.1620609760284424,nan,nan,nan,nan,
raw,0030,changing_0,changing,0.0,False,False,,,ls:6272-70168-0016,-3.4756388664245605,-3.1336069107055664,0.9354181915541993,1.2431459426879883,nan,nan,nan,nan,
raw,0031,changing_0,changing,0.0,True,False,,,ls:6078-54013-0075,-1.2460507154464722,-2.161531448364258,0.9480940294744171,1.5454187393188477,nan,nan,nan,nan,
raw,0032,changing_0,changing,0.0,False,False,,,cvhi:common_voice_hi_24225982,-3.1383056640625,-2.743159532546997,0.9578594898358282,1.409797191619873,nan,nan,nan,nan,
raw,0033,changing_0,changing,0.0,False,False,,,ls:87-121553-0052,-1.1353473663330078,-1.0685243606567383,0.9147846063627174,1.2476187944412231,nan,nan,nan,nan,
raw,0034,changing_0,changing,0.0,False,False,,,ls:2007-132570-0004,-1.7290018796920776,-1.3533077239990234,0.8379952684082701,1.1041682958602905,nan,nan,nan,nan,
raw,0035,changing_0,changing,0.0,False,False,,,ls:8098-278278-0033,-1.413780927658081,-1.006795883178711,0.9495796087460989,1.2232191562652588,nan,nan,nan,nan,
raw,0036,changing_0,changing,0.0,False,False,,,ls:4051-11217-0033,-1.2616204023361206,-1.52592134475708,0.9264166534510663,1.1137371063232422,nan,nan,nan,nan,
raw,0037,changing_0,changing,0.0,False,False,,,ls:4830-25904-0038,-1.6210843324661255,-1.6453425884246826,0.8773340735542587,1.2471365928649902,nan,nan,nan,nan,
raw,0038,changing_0,changing,0.0,False,False,,,ls:6272-70171-0018,-4.409600257873535,-4.399574279785156,0.9674345654672684,1.7464919090270996,nan,nan,nan,nan,
raw,0039,changing_0,changing,0.0,False,False,,,ls:87-121553-0082,-1.0477937459945679,-0.8306685090065002,0.8769284942152483,1.0667341947555542,nan,nan,nan,nan,
raw,0000,changing_10,changing,10.0,False,False,,,ls:1926-147987-0022,3.6280126571655273,3.38847279548645,0.9402838686322699,1.3078200817108154,nan,nan,nan,nan,
raw,0001,changing_10,changing,10.0,False,False,,,ls:8098-275181-0011,8.004658699035645,7.677115440368652,0.977974355206497,1.7389165163040161,nan,nan,nan,nan,
raw,0002,changing_10,changing,10.0,False,False,,,ls:2391-145015-0053,7.786822319030762,8.31229019165039,0.9868334026619463,2.362433433532715,nan,nan,nan,nan,
raw,0003,changing_10,changing,10.0,False,True,,,ls:2391-145015-0118,6.010768890380859,5.913090705871582,0.8941022952554859,1.2443665266036987,nan,nan,nan,nan,
raw,0004,changing_10,changing,10.0,False,False,,,cvhi:common_voice_hi_26152442,5.431333541870117,5.531783103942871,0.9958694077024174,1.89371919631958,nan,nan,nan,nan,
raw,0005,changing_10,changing,10.0,True,False,,,ls:328-129766-0087,9.681557655334473,9.966743469238281,0.973747752419981,1.8388807773590088,nan,nan,nan,nan,
raw,0006,changing_10,changing,10.0,False,False,,,cvhi:common_voice_hi_27860377,5.711590766906738,5.800567150115967,0.9795697073296069,2.1652169227600098,nan,nan,nan,nan,
raw,0007,changing_10,changing,10.0,False,False,,,ls:8098-278278-0015,8.83138370513916,8.551267623901367,0.9912550590729742,2.669233560562134,nan,nan,nan,nan,
raw,0008,changing_10,changing,10.0,False,True,,,cvhi:common_voice_hi_27749143,7.889489650726318,7.455735683441162,0.987221908116582,2.218709707260132,nan,nan,nan,nan,
raw,0009,changing_10,changing,10.0,False,False,,,ls:6272-70171-0021,7.979371070861816,7.893922328948975,0.9870968741894109,1.8680510520935059,nan,nan,nan,nan,
raw,0010,changing_10,changing,10.0,False,False,,,ls:6272-70168-0015,7.338223934173584,7.693805694580078,0.9887836662512242,2.2543599605560303,nan,nan,nan,nan,
raw,0011,changing_10,changing,10.0,False,False,,,cvhi:common_voice_hi_24758410,7.8677978515625,7.388427734375,0.9924144510895603,1.9040251970291138,nan,nan,nan,nan,
raw,0012,changing_10,changing,10.0,False,False,,,ls:6272-70168-0014,8.70384693145752,8.259392738342285,0.9933940962171874,2.5129916667938232,nan,nan,nan,nan,
raw,0013,changing_10,changing,10.0,False,False,,,ls:6078-54007-0008,8.673137664794922,8.656521797180176,0.9971249743226511,2.2641332149505615,nan,nan,nan,nan,
raw,0014,changing_10,changing,10.0,False,False,,,cvhi:common_voice_hi_24359454,1.6900475025177002,1.6537342071533203,0.9904545047633282,2.038816452026367,nan,nan,nan,nan,
raw,0015,changing_10,changing,10.0,True,False,,,ls:2514-149482-0034,8.16530990600586,7.555712699890137,0.936878340825653,1.4008519649505615,nan,nan,nan,nan,
raw,0016,changing_10,changing,10.0,False,False,,,ls:4051-11217-0037,3.533419370651245,3.9064865112304688,0.9605980639706027,1.792830228805542,nan,nan,nan,nan,
raw,0017,changing_10,changing,10.0,False,False,,,cvhi:common_voice_hi_24359439,7.4975128173828125,7.501637935638428,0.99697657206566,2.987175226211548,nan,nan,nan,nan,
raw,0018,changing_10,changing,10.0,False,False,,,ls:1081-125237-0093,6.068377494812012,6.428342819213867,0.9949701712293584,2.433072090148926,nan,nan,nan,nan,
raw,0019,changing_10,changing,10.0,False,False,,,ls:2007-132570-0030,8.928863525390625,9.49718952178955,0.9248408167606564,1.4392707347869873,nan,nan,nan,nan,
raw,0020,changing_10,changing,10.0,False,False,,,ls:6078-54013-0058,8.910284042358398,8.709683418273926,0.9323385246520439,1.9610285758972168,nan,nan,nan,nan,
raw,0021,changing_10,changing,10.0,True,False,,,ls:302-123504-0028,8.236454963684082,7.851482391357422,0.9784039187734823,1.8197975158691406,nan,nan,nan,nan,
raw,0022,changing_10,changing,10.0,False,False,,,ls:1081-125237-0063,8.974017143249512,8.624894142150879,0.9761180492194952,2.0920767784118652,nan,nan,nan,nan,
raw,0023,changing_10,changing,10.0,False,False,,,ls:1081-125237-0094,7.625830173492432,7.315955638885498,0.9856249383140865,1.9493889808654785,nan,nan,nan,nan,
raw,0024,changing_10,changing,10.0,False,False,,,cvhi:common_voice_hi_27761505,6.8460235595703125,6.920021057128906,0.9143001293294494,1.5048632621765137,nan,nan,nan,nan,
raw,0025,changing_10,changing,10.0,False,False,,,cvhi:common_voice_hi_26152010,5.991745948791504,6.020389080047607,0.9955282236976046,1.7833895683288574,nan,nan,nan,nan,
raw,0026,changing_10,changing,10.0,False,False,,,ls:6272-70171-0014,8.406285285949707,8.450248718261719,0.9905055312347272,2.1051862239837646,nan,nan,nan,nan,
raw,0027,changing_10,changing,10.0,False,False,,,ls:4051-11217-0030,8.442487716674805,8.181367874145508,0.9753828629152086,1.7277005910873413,nan,nan,nan,nan,
raw,0028,changing_10,changing,10.0,True,False,,,ls:4051-11218-0047,7.685539245605469,7.9126715660095215,0.9622724099259716,1.9332878589630127,nan,nan,nan,nan,
raw,0029,changing_10,changing,10.0,False,False,,,ls:2007-132570-0032,6.823683261871338,6.669588088989258,0.94279921978487,1.411587119102478,nan,nan,nan,nan,
raw,0030,changing_10,changing,10.0,False,False,,,cvhi:common_voice_hi_27761658,6.1344499588012695,6.3436198234558105,0.9653199407534063,1.6061346530914307,nan,nan,nan,nan,
raw,0031,changing_10,changing,10.0,False,False,,,ls:4051-11217-0029,8.706832885742188,8.845375061035156,0.9382032801209603,1.7345054149627686,nan,nan,nan,nan,
raw,0032,changing_10,changing,10.0,False,False,,,cvhi:common_voice_hi_26131828,3.9449124336242676,3.919816255569458,0.8880133970153221,1.6475589275360107,nan,nan,nan,nan,
raw,0033,changing_10,changing,10.0,False,False,,,cvhi:common_voice_hi_27749277,4.538394927978516,4.48627233505249,0.9486057747613044,1.5303574800491333,nan,nan,nan,nan,
raw,0034,changing_10,changing,10.0,False,False,,,ls:4830-25904-0045,8.417276382446289,8.394681930541992,0.9632758082317436,1.8303062915802002,nan,nan,nan,nan,
raw,0035,changing_10,changing,10.0,False,False,,,cvhi:common_voice_hi_26131929,7.6979522705078125,8.358779907226562,0.9852750611590924,1.762253999710083,nan,nan,nan,nan,
raw,0036,changing_10,changing,10.0,False,True,,,ls:6147-34605-0005,7.950037002563477,8.519320487976074,0.9652370445128199,2.2970361709594727,nan,nan,nan,nan,
raw,0037,changing_10,changing,10.0,False,True,,,ls:7447-91186-0040,9.326824188232422,9.20749568939209,0.9881210070339134,2.1002731323242188,nan,nan,nan,nan,
raw,0038,changing_10,changing,10.0,False,False,,,ls:2514-149482-0052,9.409868240356445,9.046910285949707,0.9771121298317619,1.5351738929748535,nan,nan,nan,nan,
raw,0039,changing_10,changing,10.0,False,False,,,ls:2391-145015-0117,7.540256977081299,8.128710746765137,0.9552966475862265,1.4937567710876465,nan,nan,nan,nan,
raw,0000,changing_15,changing,15.0,False,False,,,ls:8098-278252-0026,13.795038223266602,13.729377746582031,0.9921775426131524,2.776808977127075,nan,nan,nan,nan,
raw,0001,changing_15,changing,15.0,False,True,,,ls:1081-125237-0079,14.819496154785156,14.718607902526855,0.9906291244556593,2.2570409774780273,nan,nan,nan,nan,
raw,0002,changing_15,changing,15.0,False,False,,,ls:8098-278278-0021,14.214530944824219,14.04800033569336,0.9972887755235904,2.5555150508880615,nan,nan,nan,nan,
raw,0003,changing_15,changing,15.0,False,False,,,ls:6147-34606-0031,13.22378158569336,13.01881217956543,0.9800684816294387,2.6027121543884277,nan,nan,nan,nan,
raw,0004,changing_15,changing,15.0,False,False,,,ls:2514-149482-0052,13.440025329589844,13.930560111999512,0.9918878189528413,3.0279500484466553,nan,nan,nan,nan,
raw,0005,changing_15,changing,15.0,False,False,,,cvhi:common_voice_hi_24996689,9.781428337097168,10.053239822387695,0.9950731877955503,2.7878148555755615,nan,nan,nan,nan,
raw,0006,changing_15,changing,15.0,False,False,,,ls:1081-125237-0027,13.956670761108398,14.587187767028809,0.9895338369926288,3.4647445678710938,nan,nan,nan,nan,
raw,0007,changing_15,changing,15.0,False,True,,,ls:4830-25898-0049,13.00220012664795,13.104705810546875,0.9946975027750167,3.0428075790405273,nan,nan,nan,nan,
raw,0008,changing_15,changing,15.0,False,False,,,cvhi:common_voice_hi_26152437,11.507904052734375,11.866552352905273,0.9937003928346693,1.8672704696655273,nan,nan,nan,nan,
raw,0009,changing_15,changing,15.0,False,False,,,ls:328-129766-0029,15.102280616760254,14.984224319458008,0.9821921872457537,2.1722567081451416,nan,nan,nan,nan,
raw,0010,changing_15,changing,15.0,False,True,,,cvhi:common_voice_hi_27761609,12.506698608398438,13.525887489318848,0.9918489097917299,3.2669057846069336,nan,nan,nan,nan,
raw,0011,changing_15,changing,15.0,False,False,,,cvhi:common_voice_hi_23833333,12.307110786437988,12.1598482131958,0.980705717571185,3.0021352767944336,nan,nan,nan,nan,
raw,0012,changing_15,changing,15.0,False,False,,,ls:5192-19397-0077,15.132545471191406,14.998916625976562,0.9796931558465133,4.135969638824463,nan,nan,nan,nan,
raw,0013,changing_15,changing,15.0,False,False,,,ls:8098-275181-0030,13.623292922973633,13.430781364440918,0.9996109278844332,3.7165110111236572,nan,nan,nan,nan,
raw,0014,changing_15,changing,15.0,False,False,,,cvhi:common_voice_hi_23833317,10.379266738891602,10.255951881408691,0.9387328508477611,2.323423147201538,nan,nan,nan,nan,
raw,0015,changing_15,changing,15.0,False,False,,,ls:4830-25904-0001,11.286060333251953,12.038290023803711,0.9726855236209737,1.7965211868286133,nan,nan,nan,nan,
raw,0016,changing_15,changing,15.0,False,False,,,cvhi:common_voice_hi_27761476,12.70217514038086,12.50765609741211,0.9981788117803951,3.0474259853363037,nan,nan,nan,nan,
raw,0017,changing_15,changing,15.0,False,False,,,ls:7447-91187-0051,13.988404273986816,13.812311172485352,0.9773932067706637,2.4621493816375732,nan,nan,nan,nan,
raw,0018,changing_15,changing,15.0,False,False,,,ls:87-121553-0001,14.274417877197266,14.249848365783691,0.996485476516624,2.857083559036255,nan,nan,nan,nan,
raw,0019,changing_15,changing,15.0,False,True,,,ls:2391-145015-0031,13.462571144104004,13.529282569885254,0.9730222625304655,2.6815145015716553,nan,nan,nan,nan,
raw,0020,changing_15,changing,15.0,True,False,,,ls:6385-220959-0037,11.561165809631348,11.247026443481445,0.9384507756930277,1.796595811843872,nan,nan,nan,nan,
raw,0021,changing_15,changing,15.0,False,True,,,ls:328-129766-0088,14.838166236877441,14.873558044433594,0.9465576572766137,1.7906360626220703,nan,nan,nan,nan,
raw,0022,changing_15,changing,15.0,False,False,,,cvhi:common_voice_hi_26131930,10.91908073425293,10.85033893585205,0.8441799707240851,1.8224925994873047,nan,nan,nan,nan,
raw,0023,changing_15,changing,15.0,False,False,,,ls:8098-278278-0004,13.273077011108398,14.282732963562012,0.9916274391924578,2.1249752044677734,nan,nan,nan,nan,
raw,0024,changing_15,changing,15.0,False,False,,,ls:5192-19397-0005,14.52027416229248,14.374982833862305,0.9836475814418844,2.622560977935791,nan,nan,nan,nan,
raw,0025,changing_15,changing,15.0,False,False,,,ls:7402-90848-0018,12.955743789672852,13.123435974121094,0.9899655680166493,3.0476834774017334,nan,nan,nan,nan,
raw,0026,changing_15,changing,15.0,False,False,,,cvhi:common_voice_hi_24225998,12.84103775024414,13.203320503234863,0.9988309462045463,3.666198253631592,nan,nan,nan,nan,
raw,0027,changing_15,changing,15.0,False,False,,,ls:1081-125237-0000,14.793099403381348,14.761756896972656,0.9977388119147873,3.14198637008667,nan,nan,nan,nan,
raw,0028,changing_15,changing,15.0,False,False,,,ls:6272-70168-0010,12.36436939239502,12.550492286682129,0.9552005159395298,1.9533271789550781,nan,nan,nan,nan,
raw,0029,changing_15,changing,15.0,False,False,,,ls:87-121553-0026,14.334355354309082,14.264531135559082,0.9949830526378219,2.5540027618408203,nan,nan,nan,nan,
raw,0030,changing_15,changing,15.0,False,False,,,ls:7402-59171-0005,13.194122314453125,13.568211555480957,0.9367536674658836,1.982922077178955,nan,nan,nan,nan,
raw,0031,changing_15,changing,15.0,False,False,,,ls:8098-278252-0007,13.254618644714355,13.449600219726562,0.9897063854326368,2.4277071952819824,nan,nan,nan,nan,
raw,0032,changing_15,changing,15.0,False,False,,,cvhi:common_voice_hi_26132089,11.495442390441895,12.051335334777832,0.9912936230743256,1.9915754795074463,nan,nan,nan,nan,
raw,0033,changing_15,changing,15.0,False,False,,,ls:8098-278252-0036,13.192000389099121,13.033223152160645,0.9926075428744131,3.158846616744995,nan,nan,nan,nan,
raw,0034,changing_15,changing,15.0,False,False,,,ls:2514-149482-0010,13.987070083618164,13.944583892822266,0.9980557744189852,2.895017385482788,nan,nan,nan,nan,
raw,0035,changing_15,changing,15.0,False,False,,,ls:1926-143879-0023,14.757491111755371,14.609872817993164,0.9218756445086393,2.7971444129943848,nan,nan,nan,nan,
raw,0036,changing_15,changing,15.0,False,False,,,ls:1081-125237-0089,14.756451606750488,14.61236572265625,0.9781770984890739,3.222580909729004,nan,nan,nan,nan,
raw,0037,changing_15,changing,15.0,False,False,,,ls:6147-34605-0002,12.921433448791504,12.755433082580566,0.9862212220154152,2.8630006313323975,nan,nan,nan,nan,
raw,0038,changing_15,changing,15.0,False,False,,,cvhi:common_voice_hi_24758530,6.872891902923584,6.5295257568359375,0.9894814762771708,1.9830703735351562,nan,nan,nan,nan,
raw,0039,changing_15,changing,15.0,False,True,,,ls:6147-34605-0029,13.502650260925293,13.332451820373535,0.9734534582963822,2.5509955883026123,nan,nan,nan,nan,
raw,0000,changing_5,changing,5.0,False,False,,,cvhi:common_voice_hi_26131771,-0.5461742877960205,-0.7627109289169312,0.7937956080861521,1.2055058479309082,nan,nan,nan,nan,
raw,0001,changing_5,changing,5.0,False,False,,,ls:8098-278278-0002,3.5751965045928955,4.117790222167969,0.9694747690368146,1.16621994972229,nan,nan,nan,nan,
raw,0002,changing_5,changing,5.0,True,False,,,ls:6272-70191-0026,4.291750431060791,3.8192920684814453,0.9918909747428267,1.8070182800292969,nan,nan,nan,nan,
raw,0003,changing_5,changing,5.0,True,False,,,ls:6272-70171-0016,3.9236083030700684,3.26889705657959,0.9358500026662924,1.5133084058761597,nan,nan,nan,nan,
raw,0004,changing_5,changing,5.0,False,False,,,cvhi:common_voice_hi_25149605,3.039677619934082,3.092982769012451,0.9756233807078728,1.4329514503479004,nan,nan,nan,nan,
raw,0005,changing_5,changing,5.0,False,False,,,ls:6385-220959-0008,3.532726764678955,4.100807189941406,0.946174429172155,1.182143211364746,nan,nan,nan,nan,
raw,0006,changing_5,changing,5.0,False,False,,,ls:6078-54013-0078,1.4198349714279175,0.8969789743423462,0.9888141766535684,1.6559736728668213,nan,nan,nan,nan,
raw,0007,changing_5,changing,5.0,False,False,,,ls:328-129766-0032,5.294883728027344,4.997945785522461,0.9778162338984816,1.2832283973693848,nan,nan,nan,nan,
raw,0008,changing_5,changing,5.0,False,True,,,ls:6147-34606-0034,3.021906614303589,3.5661604404449463,0.9380669760453247,1.5889081954956055,nan,nan,nan,nan,
raw,0009,changing_5,changing,5.0,False,False,,,ls:2514-149482-0039,3.743389844894409,3.9815659523010254,0.9234687539380648,1.4309628009796143,nan,nan,nan,nan,
raw,0010,changing_5,changing,5.0,False,False,,,cvhi:common_voice_hi_24359436,0.3182905316352844,-0.25882092118263245,0.963336207194806,1.336941123008728,nan,nan,nan,nan,
raw,0011,changing_5,changing,5.0,False,False,,,ls:8098-278252-0014,4.505810260772705,4.124599456787109,0.8974667369092287,1.266254186630249,nan,nan,nan,nan,
raw,0012,changing_5,changing,5.0,False,False,,,ls:8098-278252-0016,3.737053632736206,3.69002103805542,0.9200329570434443,1.3790236711502075,nan,nan,nan,nan,
raw,0013,changing_5,changing,5.0,False,False,,,ls:4830-25898-0045,3.2689290046691895,3.8642194271087646,0.799489625793839,1.1793832778930664,nan,nan,nan,nan,
raw,0014,changing_5,changing,5.0,False,False,,,cvhi:common_voice_hi_24758397,3.8028640747070312,3.7340564727783203,0.9105893710275315,1.172654390335083,nan,nan,nan,nan,
raw,0015,changing_5,changing,5.0,False,False,,,ls:6147-34605-0020,4.1312785148620605,3.834470748901367,0.8890834276318785,1.1884074211120605,nan,nan,nan,nan,
raw,0016,changing_5,changing,5.0,False,False,,,cvhi:common_voice_hi_25149662,2.982363700866699,2.7820537090301514,0.9420824770277815,1.361631155014038,nan,nan,nan,nan,
raw,0017,changing_5,changing,5.0,False,False,,,cvhi:common_voice_hi_27749173,1.7732454538345337,1.2689918279647827,0.9182483136982903,1.528946876525879,nan,nan,nan,nan,
raw,0018,changing_5,changing,5.0,False,False,,,ls:6272-70168-0000,2.5831642150878906,2.31955623626709,0.9620996612316643,1.511724829673767,nan,nan,nan,nan,
raw,0019,changing_5,changing,5.0,False,False,,,ls:4051-10927-0024,3.3749775886535645,3.6642050743103027,0.9392788196672989,1.7400599718093872,nan,nan,nan,nan,
raw,0020,changing_5,changing,5.0,False,False,,,ls:328-129766-0035,4.56056547164917,4.918191432952881,0.9096827902893385,1.2422775030136108,nan,nan,nan,nan,
raw,0021,changing_5,changing,5.0,False,False,,,cvhi:common_voice_hi_27860189,4.506369113922119,4.088888645172119,0.9394378883394804,2.1150290966033936,nan,nan,nan,nan,
raw,0022,changing_5,changing,5.0,False,False,,,cvhi:common_voice_hi_24225980,2.546191453933716,2.8322644233703613,0.9602527093362386,1.3226491212844849,nan,nan,nan,nan,
raw,0023,changing_5,changing,5.0,False,False,,,ls:1926-143879-0020,4.768274307250977,4.909280776977539,0.950101114824971,1.8042597770690918,nan,nan,nan,nan,
raw,0024,changing_5,changing,5.0,False,False,,,ls:4051-11217-0028,3.6857223510742188,4.0077009201049805,0.9375788231983092,1.3932945728302002,nan,nan,nan,nan,
raw,0025,changing_5,changing,5.0,True,False,,,ls:302-123504-0006,4.31776762008667,4.493171691894531,0.9602330285149174,1.1441035270690918,nan,nan,nan,nan,
raw,0026,changing_5,changing,5.0,False,False,,,ls:1081-128618-0004,5.003559112548828,4.950881481170654,0.8143187650602333,1.8058991432189941,nan,nan,nan,nan,
raw,0027,changing_5,changing,5.0,False,False,,,ls:6272-70191-0035,3.6277384757995605,3.789691925048828,0.986766739822619,1.4594242572784424,nan,nan,nan,nan,
raw,0028,changing_5,changing,5.0,False,False,,,ls:8098-278278-0003,4.554460525512695,4.408834457397461,0.985360952642889,2.3096814155578613,nan,nan,nan,nan,
raw,0029,changing_5,changing,5.0,True,True,,,cvhi:common_voice_hi_35077432,5.162484645843506,4.433314800262451,0.9098816259138184,1.1107571125030518,nan,nan,nan,nan,
raw,0030,changing_5,changing,5.0,False,False,,,cvhi:common_voice_hi_35077962,2.599172353744507,2.5506880283355713,0.8929788387550596,1.172954797744751,nan,nan,nan,nan,
raw,0031,changing_5,changing,5.0,False,False,,,ls:4830-25898-0035,3.168651819229126,3.1526942253112793,0.9697477116556724,1.6203546524047852,nan,nan,nan,nan,
raw,0032,changing_5,changing,5.0,False,False,,,ls:1081-125237-0022,4.718989372253418,4.389294624328613,0.8509587961468756,2.024055242538452,nan,nan,nan,nan,
raw,0033,changing_5,changing,5.0,False,False,,,ls:6078-54013-0003,3.6475908756256104,3.7341043949127197,0.9022816554231735,1.4030983448028564,nan,nan,nan,nan,
raw,0034,changing_5,changing,5.0,False,False,,,ls:6272-70171-0001,3.6751317977905273,3.2688398361206055,0.9749206095370364,1.3656213283538818,nan,nan,nan,nan,
raw,0035,changing_5,changing,5.0,False,True,,,ls:6078-54013-0069,1.8249164819717407,2.222583055496216,0.979085955479595,1.3796954154968262,nan,nan,nan,nan,
raw,0036,changing_5,changing,5.0,True,False,,,ls:1081-128618-0006,4.482485294342041,4.886005401611328,0.8687836355878779,1.1958845853805542,nan,nan,nan,nan,
raw,0037,changing_5,changing,5.0,False,False,,,cvhi:common_voice_hi_24359445,2.5968620777130127,2.769584894180298,0.9586055013733603,1.5685176849365234,nan,nan,nan,nan,
raw,0038,changing_5,changing,5.0,False,False,,,ls:1926-147979-0000,4.291068077087402,4.474508285522461,0.9041884925186859,1.4331119060516357,nan,nan,nan,nan,
raw,0039,changing_5,changing,5.0,False,False,,,ls:1926-147979-0037,4.437297821044922,3.9880683422088623,0.9555961038018802,1.4008785486221313,nan,nan,nan,nan,
raw,0000,clean_inf,clean,inf,False,False,,,ls:302-123523-0035,146.0055389404297,146.0055389404297,0.9999999999999996,4.643888473510742,nan,nan,nan,nan,
raw,0001,clean_inf,clean,inf,False,False,,,cvhi:common_voice_hi_23796048,151.35174560546875,151.35174560546875,0.9999999999999999,4.643888473510742,nan,nan,nan,nan,
raw,0002,clean_inf,clean,inf,False,False,,,cvhi:common_voice_hi_37398692,146.55381774902344,146.55381774902344,0.9999999999999997,4.643888473510742,nan,nan,nan,nan,
raw,0003,clean_inf,clean,inf,False,False,,,ls:1926-147987-0027,140.709228515625,140.709228515625,0.9999999999999994,4.643888473510742,nan,nan,nan,nan,
raw,0004,clean_inf,clean,inf,False,False,,,cvhi:common_voice_hi_24360525,149.06170654296875,149.06170654296875,1.0,4.643888473510742,nan,nan,nan,nan,
raw,0005,clean_inf,clean,inf,False,False,,,ls:6147-34607-0032,144.1807403564453,144.1807403564453,0.9999999999999998,4.643888473510742,nan,nan,nan,nan,
raw,0006,clean_inf,clean,inf,False,False,,,ls:328-129766-0049,145.6268768310547,145.6268768310547,0.9999999999999998,4.643888473510742,nan,nan,nan,nan,
raw,0007,clean_inf,clean,inf,False,False,,,cvhi:common_voice_hi_25149666,149.91629028320312,149.91629028320312,1.0,4.643888473510742,nan,nan,nan,nan,
raw,0008,clean_inf,clean,inf,False,False,,,ls:5192-19397-0001,146.71368408203125,146.71368408203125,0.9999999999999998,4.643888473510742,nan,nan,nan,nan,
raw,0009,clean_inf,clean,inf,False,False,,,ls:1081-125237-0040,151.2732696533203,151.2732696533203,1.0,4.643888473510742,nan,nan,nan,nan,
raw,0010,clean_inf,clean,inf,False,False,,,ls:6078-54013-0027,144.80291748046875,144.80291748046875,0.9999999999999997,4.643888473510742,nan,nan,nan,nan,
raw,0011,clean_inf,clean,inf,False,False,,,cvhi:common_voice_hi_26088194,152.19065856933594,152.19065856933594,1.0,4.643888473510742,nan,nan,nan,nan,
raw,0012,clean_inf,clean,inf,False,False,,,ls:6147-34606-0006,145.90512084960938,145.90512084960938,0.9999999999999997,4.643888473510742,nan,nan,nan,nan,
raw,0013,clean_inf,clean,inf,False,False,,,ls:2007-132570-0032,141.19570922851562,141.19570922851562,0.9999999999999997,4.643888473510742,nan,nan,nan,nan,
raw,0014,clean_inf,clean,inf,False,False,,,ls:302-123523-0022,147.7860565185547,147.7860565185547,0.9999999999999997,4.643888473510742,nan,nan,nan,nan,
raw,0015,clean_inf,clean,inf,False,False,,,ls:7402-90848-0036,145.99334716796875,145.99334716796875,0.9999999999999998,4.643888473510742,nan,nan,nan,nan,
raw,0016,clean_inf,clean,inf,False,False,,,ls:302-123516-0032,146.77647399902344,146.77647399902344,1.0,4.643888473510742,nan,nan,nan,nan,
raw,0017,clean_inf,clean,inf,False,False,,,ls:302-123523-0037,146.112548828125,146.112548828125,0.9999999999999998,4.643888473510742,nan,nan,nan,nan,
raw,0018,clean_inf,clean,inf,False,False,,,ls:6272-70168-0010,145.37310791015625,145.37310791015625,0.9999999999999999,4.643888473510742,nan,nan,nan,nan,
raw,0019,clean_inf,clean,inf,False,False,,,cvhi:common_voice_hi_26127944,151.6403045654297,151.6403045654297,1.0,4.643888473510742,nan,nan,nan,nan,
raw,0020,clean_inf,clean,inf,False,False,,,ls:1081-125237-0106,148.1407012939453,148.1407012939453,0.9999999999999997,4.643888473510742,nan,nan,nan,nan,
raw,0021,clean_inf,clean,inf,False,False,,,ls:302-123504-0031,144.00390625,144.00390625,0.9999999999999993,4.643888473510742,nan,nan,nan,nan,
raw,0022,clean_inf,clean,inf,False,False,,,ls:2514-149482-0052,145.99008178710938,145.99008178710938,0.9999999999999997,4.643888473510742,nan,nan,nan,nan,
raw,0023,clean_inf,clean,inf,False,False,,,ls:6147-34605-0016,144.27415466308594,144.27415466308594,0.9999999999999997,4.643888473510742,nan,nan,nan,nan,
raw,0024,clean_inf,clean,inf,False,False,,,cvhi:common_voice_hi_27761616,148.30300903320312,148.30300903320312,0.9999999999999997,4.643888473510742,nan,nan,nan,nan,
raw,0025,clean_inf,clean,inf,False,False,,,ls:328-129766-0026,145.3821258544922,145.3821258544922,0.9999999999999998,4.643888473510742,nan,nan,nan,nan,
raw,0026,clean_inf,clean,inf,False,False,,,ls:8098-278252-0014,148.5371551513672,148.5371551513672,0.9999999999999998,4.643888473510742,nan,nan,nan,nan,
raw,0027,clean_inf,clean,inf,False,False,,,ls:87-121553-0081,146.52145385742188,146.52145385742188,1.0,4.643888473510742,nan,nan,nan,nan,
raw,0028,clean_inf,clean,inf,False,False,,,ls:1926-147987-0030,140.10653686523438,140.10653686523438,0.999999999999999,4.643888473510742,nan,nan,nan,nan,
raw,0029,clean_inf,clean,inf,False,False,,,ls:5192-19396-0027,144.83148193359375,144.83148193359375,0.9999999999999992,4.643888473510742,nan,nan,nan,nan,
raw,0030,clean_inf,clean,inf,False,False,,,ls:1926-147987-0025,141.6477813720703,141.6477813720703,0.9999999999999997,4.643888473510742,nan,nan,nan,nan,
raw,0031,clean_inf,clean,inf,False,False,,,ls:7402-90848-0012,147.64028930664062,147.64028930664062,1.0,4.643888473510742,nan,nan,nan,nan,
raw,0032,clean_inf,clean,inf,False,False,,,ls:4830-25904-0028,145.02581787109375,145.02581787109375,0.9999999999999998,4.643888473510742,nan,nan,nan,nan,
raw,0033,clean_inf,clean,inf,False,False,,,cvhi:common_voice_hi_27369009,141.26268005371094,141.26268005371094,0.9999999999999997,4.643888473510742,nan,nan,nan,nan,
raw,0034,clean_inf,clean,inf,False,False,,,ls:4051-11217-0023,142.06478881835938,142.06478881835938,0.9999999999999997,4.643888473510742,nan,nan,nan,nan,
raw,0035,clean_inf,clean,inf,False,False,,,cvhi:common_voice_hi_24359463,148.53634643554688,148.53634643554688,1.0,4.643888473510742,nan,nan,nan,nan,
raw,0036,clean_inf,clean,inf,False,False,,,ls:6385-34669-0007,144.78738403320312,144.78738403320312,0.9999999999999997,4.643888473510742,nan,nan,nan,nan,
raw,0037,clean_inf,clean,inf,False,False,,,ls:6272-70191-0037,148.81967163085938,148.81967163085938,1.0,4.643888473510742,nan,nan,nan,nan,
raw,0038,clean_inf,clean,inf,False,False,,,ls:302-123523-0031,145.88162231445312,145.88162231445312,0.9999999999999999,4.643888473510742,nan,nan,nan,nan,
raw,0039,clean_inf,clean,inf,False,False,,,ls:7402-59171-0003,142.83998107910156,142.83998107910156,0.9999999999999999,4.643888473510742,nan,nan,nan,nan,
raw,0000,stationary_-10,stationary,-10.0,False,False,,,ls:328-129766-0053,-9.753128051757812,-10.203267097473145,0.5324994634634634,1.673546314239502,nan,nan,nan,nan,
raw,0001,stationary_-10,stationary,-10.0,False,True,,,cvhi:common_voice_hi_27761571,-11.18758773803711,-11.040599822998047,0.40165105533422696,1.022732138633728,nan,nan,nan,nan,
raw,0002,stationary_-10,stationary,-10.0,False,False,,,ls:1926-143879-0014,-9.63060474395752,-9.797370910644531,0.7555498453406717,1.0385147333145142,nan,nan,nan,nan,
raw,0003,stationary_-10,stationary,-10.0,False,False,,,cvhi:common_voice_hi_26152093,-17.918075561523438,-18.273344039916992,0.3865076049732117,1.423757791519165,nan,nan,nan,nan,
raw,0004,stationary_-10,stationary,-10.0,False,False,,,cvhi:common_voice_hi_26131739,-14.058989524841309,-14.343568801879883,0.4415460416256992,1.0192748308181763,nan,nan,nan,nan,
raw,0005,stationary_-10,stationary,-10.0,False,False,,,ls:2391-145015-0051,-10.271224975585938,-10.652534484863281,0.5765033146009112,2.283811092376709,nan,nan,nan,nan,
raw,0006,stationary_-10,stationary,-10.0,False,False,,,ls:6272-70191-0032,-11.678400039672852,-11.083314895629883,0.5351455543310119,1.0515656471252441,nan,nan,nan,nan,
raw,0007,stationary_-10,stationary,-10.0,False,False,,,ls:6385-220959-0014,-11.285469055175781,-11.67269229888916,0.6510679460711792,1.0428701639175415,nan,nan,nan,nan,
raw,0008,stationary_-10,stationary,-10.0,False,False,,,ls:1926-147979-0050,-10.419795989990234,-10.394219398498535,0.4939890263166899,1.2211377620697021,nan,nan,nan,nan,
raw,0009,stationary_-10,stationary,-10.0,False,False,,,cvhi:common_voice_hi_27761549,-13.394049644470215,-12.71419620513916,0.4033923772287294,1.1652419567108154,nan,nan,nan,nan,
raw,0010,stationary_-10,stationary,-10.0,False,False,,,ls:5192-19397-0026,-9.955658912658691,-9.973345756530762,0.46408241539511746,1.087914228439331,nan,nan,nan,nan,
raw,0011,stationary_-10,stationary,-10.0,False,False,,,ls:2391-145015-0120,-13.060444831848145,-13.280088424682617,0.48295855115885244,1.0278403759002686,nan,nan,nan,nan,
raw,0012,stationary_-10,stationary,-10.0,False,False,,,ls:87-121553-0045,-11.240840911865234,-10.983772277832031,0.6432502165603664,1.0282196998596191,nan,nan,nan,nan,
raw,0013,stationary_-10,stationary,-10.0,False,False,,,ls:87-121553-0094,-10.748876571655273,-11.033191680908203,0.5879581568741071,1.4470493793487549,nan,nan,nan,nan,
raw,0014,stationary_-10,stationary,-10.0,False,False,,,ls:6147-34607-0024,-10.208009719848633,-10.63656234741211,0.6866109133415279,1.026408076286316,nan,nan,nan,nan,
raw,0015,stationary_-10,stationary,-10.0,False,False,,,ls:7447-91187-0061,-11.335517883300781,-11.686640739440918,0.47275097502216673,1.4694609642028809,nan,nan,nan,nan,
raw,0016,stationary_-10,stationary,-10.0,False,False,,,ls:302-123523-0032,-10.641754150390625,-10.824907302856445,0.7062450516161006,1.0459377765655518,nan,nan,nan,nan,
raw,0017,stationary_-10,stationary,-10.0,False,False,,,cvhi:common_voice_hi_23833334,-14.531935691833496,-13.77834415435791,0.5455991532567435,1.0472033023834229,nan,nan,nan,nan,
raw,0018,stationary_-10,stationary,-10.0,True,False,,,ls:302-123504-0032,-9.859244346618652,-10.953722953796387,0.559195166023121,1.2073818445205688,nan,nan,nan,nan,
raw,0019,stationary_-10,stationary,-10.0,True,True,,,ls:8098-278278-0020,-9.844099998474121,-10.2858304977417,0.5549613254336621,1.0162701606750488,nan,nan,nan,nan,
raw,0020,stationary_-10,stationary,-10.0,False,False,,,cvhi:common_voice_hi_27592071,-12.526346206665039,-11.76191234588623,0.5605637343270856,1.3681511878967285,nan,nan,nan,nan,
raw,0021,stationary_-10,stationary,-10.0,False,False,,,ls:6078-54007-0049,-10.487431526184082,-11.179734230041504,0.6008582512391544,1.6442124843597412,nan,nan,nan,nan,
raw,0022,stationary_-10,stationary,-10.0,False,False,,,ls:328-129766-0060,-9.875225067138672,-10.507340431213379,0.49732732926907136,1.032387614250183,nan,nan,nan,nan,
raw,0023,stationary_-10,stationary,-10.0,False,False,,,cvhi:common_voice_hi_27749162,-12.50352668762207,-11.955116271972656,0.5594498485233624,1.058878779411316,nan,nan,nan,nan,
raw,0024,stationary_-10,stationary,-10.0,False,False,,,ls:87-121553-0094,-10.384054183959961,-10.460866928100586,0.4769485859911194,1.0759862661361694,nan,nan,nan,nan,
raw,0025,stationary_-10,stationary,-10.0,False,False,,,cvhi:common_voice_hi_27860310,-12.615442276000977,-12.71126937866211,0.6040048059085957,1.0247608423233032,nan,nan,nan,nan,
raw,0026,stationary_-10,stationary,-10.0,False,False,,,ls:6147-34605-0038,-11.863142013549805,-11.97079849243164,0.6481283792148956,1.0272964239120483,nan,nan,nan,nan,
raw,0027,stationary_-10,stationary,-10.0,False,False,,,ls:4051-11218-0046,-13.27074146270752,-13.689576148986816,0.671973139606208,1.0436779260635376,nan,nan,nan,nan,
raw,0028,stationary_-10,stationary,-10.0,False,False,,,cvhi:common_voice_hi_26897388,-14.216617584228516,-14.323264122009277,0.6151969002931182,1.3325737714767456,nan,nan,nan,nan,
raw,0029,stationary_-10,stationary,-10.0,False,False,,,ls:6078-54007-0028,-11.053404808044434,-11.27412223815918,0.7416480659973239,1.0329275131225586,nan,nan,nan,nan,
raw,0030,stationary_-10,stationary,-10.0,False,False,,,ls:7447-91187-0025,-12.950467109680176,-12.327242851257324,0.4488974234226489,1.1800897121429443,nan,nan,nan,nan,
raw,0031,stationary_-10,stationary,-10.0,False,False,,,ls:7447-91186-0025,-10.833026885986328,-10.685673713684082,0.6794446133140744,1.0407142639160156,nan,nan,nan,nan,
raw,0032,stationary_-10,stationary,-10.0,False,False,,,ls:2007-149877-0055,-11.22069263458252,-11.309499740600586,0.7449177668963171,1.0381832122802734,nan,nan,nan,nan,
raw,0033,stationary_-10,stationary,-10.0,False,False,,,ls:302-123516-0002,-11.445965766906738,-11.484277725219727,0.608797831206523,1.0975557565689087,nan,nan,nan,nan,
raw,0034,stationary_-10,stationary,-10.0,False,False,,,ls:4830-25904-0011,-12.38957405090332,-12.094093322753906,0.5802510972664094,1.0337361097335815,nan,nan,nan,nan,
raw,0035,stationary_-10,stationary,-10.0,False,False,,,cvhi:common_voice_hi_27761609,-11.731916427612305,-11.837496757507324,0.4438988707928474,1.0355772972106934,nan,nan,nan,nan,
raw,0036,stationary_-10,stationary,-10.0,False,False,,,ls:2514-149482-0024,-10.786153793334961,-11.670371055603027,0.561662053821547,1.020237684249878,nan,nan,nan,nan,
raw,0037,stationary_-10,stationary,-10.0,False,False,,,ls:5192-19397-0075,-10.046080589294434,-9.755022048950195,0.40990427797744716,1.020369291305542,nan,nan,nan,nan,
raw,0038,stationary_-10,stationary,-10.0,False,False,,,ls:5192-19396-0027,-9.956076622009277,-10.45018196105957,0.6342095932467189,1.038837194442749,nan,nan,nan,nan,
raw,0039,stationary_-10,stationary,-10.0,False,False,,,ls:2514-149482-0024,-12.054596900939941,-11.703577041625977,0.6084423613839717,1.280979871749878,nan,nan,nan,nan,
raw,0000,stationary_-5,stationary,-5.0,False,False,,,ls:6385-34669-0004,-5.999711990356445,-6.647939205169678,0.7147953062137904,1.0407743453979492,nan,nan,nan,nan,
raw,0001,stationary_-5,stationary,-5.0,False,False,,,ls:5192-19397-0043,-5.778628349304199,-5.286228179931641,0.6125339171202667,1.0788331031799316,nan,nan,nan,nan,
raw,0002,stationary_-5,stationary,-5.0,False,False,,,ls:2514-149482-0044,-6.4044952392578125,-5.643345832824707,0.7924003984330061,1.0371278524398804,nan,nan,nan,nan,
raw,0003,stationary_-5,stationary,-5.0,False,False,,,ls:1081-125237-0049,-5.208073616027832,-5.749139308929443,0.6433903343582672,1.08156418800354,nan,nan,nan,nan,
raw,0004,stationary_-5,stationary,-5.0,False,False,,,ls:1926-143879-0028,-5.7473368644714355,-5.940571308135986,0.6485092685997077,1.2027615308761597,nan,nan,nan,nan,
raw,0005,stationary_-5,stationary,-5.0,False,False,,,ls:1926-147979-0024,-6.5982208251953125,-6.031007766723633,0.7474640311863064,1.0457724332809448,nan,nan,nan,nan,
raw,0006,stationary_-5,stationary,-5.0,False,False,,,ls:4830-25904-0033,-7.046258449554443,-6.945343971252441,0.7693265693478296,1.2320531606674194,nan,nan,nan,nan,
raw,0007,stationary_-5,stationary,-5.0,False,False,,,ls:6078-54007-0026,-5.7994818687438965,-5.942853927612305,0.7535740132424581,1.0302637815475464,nan,nan,nan,nan,
raw,0008,stationary_-5,stationary,-5.0,False,False,,,ls:4051-11218-0003,-6.668700695037842,-6.6959099769592285,0.7472719043207758,1.0430465936660767,nan,nan,nan,nan,
raw,0009,stationary_-5,stationary,-5.0,False,False,,,ls:4051-11218-0005,-5.842743873596191,-6.323392868041992,0.7364688773505568,1.0412278175354004,nan,nan,nan,nan,
raw,0010,stationary_-5,stationary,-5.0,False,False,,,ls:6078-54013-0073,-6.5879340171813965,-6.657423496246338,0.6201138067150183,1.0526477098464966,nan,nan,nan,nan,
raw,0011,stationary_-5,stationary,-5.0,False,False,,,cvhi:common_voice_hi_26151892,-8.1237211227417,-7.913904190063477,0.5698790110039269,1.1917922496795654,nan,nan,nan,nan,
raw,0012,stationary_-5,stationary,-5.0,False,False,,,ls:1081-125237-0021,-4.562984466552734,-4.84791374206543,0.7095884581897096,1.1906336545944214,nan,nan,nan,nan,
raw,0013,stationary_-5,stationary,-5.0,False,False,,,cvhi:common_voice_hi_27369009,-5.730754852294922,-5.979753494262695,0.6257424583969768,1.063802719116211,nan,nan,nan,nan,
raw,0014,stationary_-5,stationary,-5.0,False,False,,,ls:302-123523-0015,-5.920041084289551,-5.721174240112305,0.8236375240461882,1.0229710340499878,nan,nan,nan,nan,
raw,0015,stationary_-5,stationary,-5.0,False,False,,,ls:6272-70171-0040,-6.520369052886963,-6.822115898132324,0.7281043208125444,1.1113189458847046,nan,nan,nan,nan,
raw,0016,stationary_-5,stationary,-5.0,False,False,,,ls:6272-70171-0027,-6.97094202041626,-6.615096092224121,0.7661768555070032,1.0748727321624756,nan,nan,nan,nan,
raw,0017,stationary_-5,stationary,-5.0,False,False,,,ls:328-129766-0011,-4.647121429443359,-5.164619445800781,0.6488155141872186,1.058510184288025,nan,nan,nan,nan,
raw,0018,stationary_-5,stationary,-5.0,False,False,,,ls:5192-19397-0028,-5.195689678192139,-5.080190658569336,0.6123255494767762,1.040140986442566,nan,nan,nan,nan,
raw,0019,stationary_-5,stationary,-5.0,False,False,,,ls:1081-125237-0045,-7.9781413078308105,-8.774730682373047,0.7505202529462689,1.0453304052352905,nan,nan,nan,nan,
raw,0020,stationary_-5,stationary,-5.0,False,False,,,ls:4830-25904-0024,-6.032685279846191,-6.810991287231445,0.669187943547716,1.149802565574646,nan,nan,nan,nan,
raw,0021,stationary_-5,stationary,-5.0,False,False,,,ls:1081-125237-0062,-5.188855171203613,-5.611213684082031,0.729175355232579,1.0775201320648193,nan,nan,nan,nan,
raw,0022,stationary_-5,stationary,-5.0,False,False,,,ls:7447-91187-0011,-7.043044090270996,-6.568235397338867,0.5161293016130105,1.0859380960464478,nan,nan,nan,nan,
raw,0023,stationary_-5,stationary,-5.0,False,False,,,ls:6078-54013-0039,-6.049198627471924,-6.4475178718566895,0.5914301754142972,1.0429987907409668,nan,nan,nan,nan,
raw,0024,stationary_-5,stationary,-5.0,False,False,,,ls:2391-145015-0074,-6.867535591125488,-7.119566917419434,0.8013145413907793,1.0417251586914062,nan,nan,nan,nan,
raw,0025,stationary_-5,stationary,-5.0,False,False,,,ls:4051-11218-0004,-8.45450210571289,-8.165729522705078,0.7547188748089169,1.0948148965835571,nan,nan,nan,nan,
raw,0026,stationary_-5,stationary,-5.0,False,False,,,ls:8098-278252-0024,-5.403923511505127,-5.905700206756592,0.6704501775317963,1.207974910736084,nan,nan,nan,nan,
raw,0027,stationary_-5,stationary,-5.0,False,False,,,ls:2007-132570-0038,-5.748999118804932,-5.6192851066589355,0.7284022539372615,1.0270850658416748,nan,nan,nan,nan,
raw,0028,stationary_-5,stationary,-5.0,False,False,,,cvhi:common_voice_hi_27860336,-6.464695930480957,-6.638279438018799,0.6475652119298738,1.0428792238235474,nan,nan,nan,nan,
raw,0029,stationary_-5,stationary,-5.0,False,False,,,ls:7447-91187-0018,-6.381091117858887,-6.4677863121032715,0.5348894478700043,1.0328638553619385,nan,nan,nan,nan,
raw,0030,stationary_-5,stationary,-5.0,False,False,,,ls:87-121553-0022,-5.494868755340576,-5.587408065795898,0.8351470173299244,1.0241318941116333,nan,nan,nan,nan,
raw,0031,stationary_-5,stationary,-5.0,False,False,,,ls:1081-125237-0105,-5.554971694946289,-5.1769280433654785,0.5895016136915691,1.1029549837112427,nan,nan,nan,nan,
raw,0032,stationary_-5,stationary,-5.0,False,False,,,cvhi:common_voice_hi_25149605,-6.250641345977783,-6.8067307472229,0.7780942609978726,1.0522743463516235,nan,nan,nan,nan,
raw,0033,stationary_-5,stationary,-5.0,False,False,,,ls:2007-149877-0001,-6.248706817626953,-5.602016925811768,0.8337717585688296,1.0884493589401245,nan,nan,nan,nan,
raw,0034,stationary_-5,stationary,-5.0,False,False,,,ls:8098-275181-0004,-6.486525535583496,-6.479301452636719,0.6427547540795786,1.1608039140701294,nan,nan,nan,nan,
raw,0035,stationary_-5,stationary,-5.0,True,False,,,ls:87-121553-0011,-6.736946105957031,-6.887505531311035,0.7613035866475146,1.0683379173278809,nan,nan,nan,nan,
raw,0036,stationary_-5,stationary,-5.0,False,False,,,ls:1081-125237-0073,-5.389070510864258,-5.801150321960449,0.7845099943254216,1.1009631156921387,nan,nan,nan,nan,
raw,0037,stationary_-5,stationary,-5.0,False,False,,,ls:2007-132570-0053,-6.1134867668151855,-6.031315803527832,0.7591777681072235,1.0386618375778198,nan,nan,nan,nan,
raw,0038,stationary_-5,stationary,-5.0,False,False,,,ls:1081-125237-0049,-5.476078987121582,-5.845119953155518,0.6339876848287878,1.1153602600097656,nan,nan,nan,nan,
raw,0039,stationary_-5,stationary,-5.0,False,True,,,ls:2514-149482-0028,-5.403099060058594,-5.477757453918457,0.7069450699047112,1.031564474105835,nan,nan,nan,nan,
raw,0000,stationary_0,stationary,0.0,False,False,,,ls:328-129766-0027,0.19997629523277283,-0.2013983130455017,0.8632886040309764,1.04397714138031,nan,nan,nan,nan,
raw,0001,stationary_0,stationary,0.0,False,False,,,ls:4051-10927-0000,-1.4323325157165527,-1.6381070613861084,0.8012127077125254,1.1078516244888306,nan,nan,nan,nan,
raw,0002,stationary_0,stationary,0.0,False,False,,,ls:4051-11217-0025,-0.02086520940065384,-0.22659189999103546,0.7971085748958082,1.1311695575714111,nan,nan,nan,nan,
raw,0003,stationary_0,stationary,0.0,False,False,,,ls:1926-147979-0025,-0.8999388813972473,-0.6554437279701233,0.8635504252109834,1.0851802825927734,nan,nan,nan,nan,
raw,0004,stationary_0,stationary,0.0,False,True,,,cvhi:common_voice_hi_27860336,-1.3696240186691284,-1.7472727298736572,0.7875495174562087,1.0824111700057983,nan,nan,nan,nan,
raw,0005,stationary_0,stationary,0.0,False,False,,,ls:1081-125237-0023,0.2781027853488922,-0.20673559606075287,0.7316564608402918,1.1646173000335693,nan,nan,nan,nan,
raw,0006,stationary_0,stationary,0.0,True,False,,,ls:2391-145015-0077,-3.8410112857818604,-3.4440908432006836,0.7244497084727842,1.0814391374588013,nan,nan,nan,nan,
raw,0007,stationary_0,stationary,0.0,False,False,,,ls:2007-132570-0028,-1.7378840446472168,-1.3899919986724854,0.7152849557122772,1.0515172481536865,nan,nan,nan,nan,
raw,0008,stationary_0,stationary,0.0,False,False,,,cvhi:common_voice_hi_24973515,-4.372644901275635,-3.9084198474884033,0.5729051246826721,1.0743842124938965,nan,nan,nan,nan,
raw,0009,stationary_0,stationary,0.0,False,False,,,ls:2391-145015-0067,-2.4789607524871826,-2.1004507541656494,0.7138513075782534,1.1314481496810913,nan,nan,nan,nan,
raw,0010,stationary_0,stationary,0.0,False,False,,,cvhi:common_voice_hi_24359464,-5.000731468200684,-4.830291748046875,0.7861013867473589,1.1410915851593018,nan,nan,nan,nan,
raw,0011,stationary_0,stationary,0.0,False,False,,,ls:1926-147979-0045,-1.333799958229065,-1.448976993560791,0.797128488268556,1.1004984378814697,nan,nan,nan,nan,
raw,0012,stationary_0,stationary,0.0,False,False,,,ls:1081-125237-0033,0.03755456954240799,-0.45218461751937866,0.7610316103789293,1.2396867275238037,nan,nan,nan,nan,
raw,0013,stationary_0,stationary,0.0,True,True,,,ls:6385-34655-0005,-0.6860610842704773,-1.5474827289581299,0.764596108508464,1.0491688251495361,nan,nan,nan,nan,
raw,0014,stationary_0,stationary,0.0,False,False,,,cvhi:common_voice_hi_25161549,-5.263566970825195,-4.883783340454102,0.8367394543737746,1.154488444328308,nan,nan,nan,nan,
raw,0015,stationary_0,stationary,0.0,False,False,,,ls:5192-19397-0063,0.11214679479598999,0.06955935806035995,0.7501159834115358,1.2107449769973755,nan,nan,nan,nan,
raw,0016,stationary_0,stationary,0.0,False,False,,,ls:6147-34605-0001,-1.6135823726654053,-1.974486231803894,0.6276870480421051,1.0444297790527344,nan,nan,nan,nan,
raw,0017,stationary_0,stationary,0.0,False,False,,,ls:2007-149877-0018,-1.392159342765808,-1.3316534757614136,0.9098116325338395,1.0923333168029785,nan,nan,nan,nan,
raw,0018,stationary_0,stationary,0.0,False,True,,,cvhi:common_voice_hi_27592097,-4.336429595947266,-4.449929714202881,0.8151586665269165,1.119637370109558,nan,nan,nan,nan,
raw,0019,stationary_0,stationary,0.0,False,False,,,ls:6147-34607-0018,-2.812896251678467,-3.4470274448394775,0.723765912955024,1.0784401893615723,nan,nan,nan,nan,
raw,0020,stationary_0,stationary,0.0,False,False,,,ls:6385-34655-0027,-0.6152344346046448,-0.8137887120246887,0.8279482984375982,1.032565951347351,nan,nan,nan,nan,
raw,0021,stationary_0,stationary,0.0,False,False,,,ls:2514-149482-0082,-2.276723861694336,-1.8601335287094116,0.7694782967480386,1.1235849857330322,nan,nan,nan,nan,
raw,0022,stationary_0,stationary,0.0,True,False,,,ls:2514-149482-0036,-1.622267723083496,-1.9945217370986938,0.8897653884022345,1.1233861446380615,nan,nan,nan,nan,
raw,0023,stationary_0,stationary,0.0,False,False,,,ls:6078-54007-0046,-0.9313395023345947,-1.0713820457458496,0.7854597315345682,1.0376062393188477,nan,nan,nan,nan,
raw,0024,stationary_0,stationary,0.0,False,False,,,ls:2007-132570-0010,-0.45505964756011963,-0.6425550580024719,0.8124586636182275,1.0481232404708862,nan,nan,nan,nan,
raw,0025,stationary_0,stationary,0.0,False,False,,,ls:87-121553-0019,-1.9846175909042358,-1.5082204341888428,0.6943357629911442,1.0458781719207764,nan,nan,nan,nan,
raw,0026,stationary_0,stationary,0.0,False,False,,,ls:2007-132570-0025,-1.4961650371551514,-0.9877722263336182,0.6885063844607903,1.0261682271957397,nan,nan,nan,nan,
raw,0027,stationary_0,stationary,0.0,False,False,,,cvhi:common_voice_hi_26018195,-3.572310209274292,-3.390974521636963,0.7487774974595066,1.1003832817077637,nan,nan,nan,nan,
raw,0028,stationary_0,stationary,0.0,False,False,,,ls:5192-19397-0011,-1.8088769912719727,-1.2033860683441162,0.7072697756892264,1.0443506240844727,nan,nan,nan,nan,
raw,0029,stationary_0,stationary,0.0,False,False,,,ls:302-123516-0006,-0.6121894121170044,-0.6910639405250549,0.8125958113412164,1.0627802610397339,nan,nan,nan,nan,
raw,0030,stationary_0,stationary,0.0,False,False,,,ls:5192-19397-0056,0.3560622036457062,-0.03603401780128479,0.836985670954101,1.185915470123291,nan,nan,nan,nan,
raw,0031,stationary_0,stationary,0.0,False,False,,,cvhi:common_voice_hi_24360553,-3.3634135723114014,-3.362274169921875,0.8615322863406091,1.0480992794036865,nan,nan,nan,nan,
raw,0032,stationary_0,stationary,0.0,False,False,,,ls:4051-11217-0004,-1.1517208814620972,-0.9281402826309204,0.8489114303030064,1.0720746517181396,nan,nan,nan,nan,
raw,0033,stationary_0,stationary,0.0,False,False,,,cvhi:common_voice_hi_24359472,-6.21274471282959,-5.743281841278076,0.9091925605188452,1.155855417251587,nan,nan,nan,nan,
raw,0034,stationary_0,stationary,0.0,False,False,,,cvhi:common_voice_hi_26131366,-2.225158929824829,-1.7002968788146973,0.7722718920885728,1.0658835172653198,nan,nan,nan,nan,
raw,0035,stationary_0,stationary,0.0,False,False,,,ls:6385-220959-0025,-0.38260939717292786,-0.685757040977478,0.7919362265393597,1.0833017826080322,nan,nan,nan,nan,
raw,0036,stationary_0,stationary,0.0,False,False,,,cvhi:common_voice_hi_27860348,-5.189664363861084,-4.715508937835693,0.6980407025536668,1.1142386198043823,nan,nan,nan,nan,
raw,0037,stationary_0,stationary,0.0,False,False,,,ls:8098-275181-0015,-3.3003835678100586,-3.726663827896118,0.7337463549486122,1.0614073276519775,nan,nan,nan,nan,
raw,0038,stationary_0,stationary,0.0,False,False,,,ls:6272-70168-0031,-2.5264856815338135,-2.1350536346435547,0.8554499640289386,1.0610027313232422,nan,nan,nan,nan,
raw,0039,stationary_0,stationary,0.0,False,False,,,ls:7447-91187-0044,-1.726739525794983,-2.1985063552856445,0.5841299335929951,1.0426852703094482,nan,nan,nan,nan,
raw,0000,stationary_10,stationary,10.0,False,False,,,ls:302-123504-0029,5.128679275512695,4.758307933807373,0.9141868585309813,1.1521902084350586,nan,nan,nan,nan,
raw,0001,stationary_10,stationary,10.0,False,False,,,ls:1081-125237-0049,9.51032543182373,9.290945053100586,0.8636782648039142,1.3238393068313599,nan,nan,nan,nan,
raw,0002,stationary_10,stationary,10.0,False,False,,,ls:328-129766-0038,10.292791366577148,9.990272521972656,0.8633052413307748,1.3156731128692627,nan,nan,nan,nan,
raw,0003,stationary_10,stationary,10.0,True,False,,,cvhi:common_voice_hi_24359430,2.4206507205963135,1.1588339805603027,0.5974564761073566,1.090716004371643,nan,nan,nan,nan,
raw,0004,stationary_10,stationary,10.0,False,False,,,ls:2007-149877-0016,8.177070617675781,7.880061149597168,0.9421968723602997,1.3239116668701172,nan,nan,nan,nan,
raw,0005,stationary_10,stationary,10.0,False,False,,,ls:7447-91187-0062,9.087702751159668,9.160279273986816,0.9254867734836267,1.4238282442092896,nan,nan,nan,nan,
raw,0006,stationary_10,stationary,10.0,False,False,,,cvhi:common_voice_hi_27761516,3.6497225761413574,3.8846709728240967,0.9077292933894968,1.381347894668579,nan,nan,nan,nan,
raw,0007,stationary_10,stationary,10.0,False,False,,,cvhi:common_voice_hi_27749201,8.297893524169922,8.407806396484375,0.911513482056385,1.5178978443145752,nan,nan,nan,nan,
raw,0008,stationary_10,stationary,10.0,False,False,,,ls:2391-145015-0069,8.93751049041748,9.07068157196045,0.8928502229686388,1.445056438446045,nan,nan,nan,nan,
raw,0009,stationary_10,stationary,10.0,False,False,,,cvhi:common_voice_hi_23796063,6.67563009262085,6.83686637878418,0.8315498886693217,1.5296308994293213,nan,nan,nan,nan,
raw,0010,stationary_10,stationary,10.0,True,False,,,ls:6272-70191-0035,8.084903717041016,7.728051662445068,0.9503382175077058,1.5389721393585205,nan,nan,nan,nan,
raw,0011,stationary_10,stationary,10.0,False,False,,,ls:328-129766-0013,9.845915794372559,9.871404647827148,0.774743648077079,1.372053623199463,nan,nan,nan,nan,
raw,0012,stationary_10,stationary,10.0,False,False,,,ls:6385-220959-0002,7.538387775421143,7.997572422027588,0.9113748322317442,1.2040562629699707,nan,nan,nan,nan,
raw,0013,stationary_10,stationary,10.0,False,False,,,ls:5192-19396-0004,10.014669418334961,9.96320915222168,0.9421725251760525,2.196106433868408,nan,nan,nan,nan,
raw,0014,stationary_10,stationary,10.0,False,False,,,ls:7447-91186-0036,9.158946990966797,8.895760536193848,0.9460563708984042,1.3505420684814453,nan,nan,nan,nan,
raw,0015,stationary_10,stationary,10.0,False,False,,,ls:1081-128618-0000,9.642914772033691,9.950428009033203,0.8833100440756589,1.870608925819397,nan,nan,nan,nan,
raw,0016,stationary_10,stationary,10.0,False,False,,,ls:4051-10927-0002,7.897757530212402,8.008990287780762,0.8625875322864756,1.2062162160873413,nan,nan,nan,nan,
raw,0017,stationary_10,stationary,10.0,False,True,,,ls:87-121553-0095,8.765607833862305,8.598821640014648,0.91178155171487,1.3350284099578857,nan,nan,nan,nan,
raw,0018,stationary_10,stationary,10.0,True,False,,,ls:7402-90848-0024,8.044356346130371,8.017328262329102,0.8565463733068795,1.5825481414794922,nan,nan,nan,nan,
raw,0019,stationary_10,stationary,10.0,True,False,,,ls:2007-149877-0021,3.35214900970459,3.1677374839782715,0.8847260597676834,1.1214821338653564,nan,nan,nan,nan,
raw,0020,stationary_10,stationary,10.0,False,False,,,cvhi:common_voice_hi_24225998,7.940271377563477,8.084590911865234,0.9626798702823329,1.7011648416519165,nan,nan,nan,nan,
raw,0021,stationary_10,stationary,10.0,False,False,,,ls:4051-11218-0062,8.473443031311035,8.581241607666016,0.8766018496397516,1.248260736465454,nan,nan,nan,nan,
raw,0022,stationary_10,stationary,10.0,False,True,,,cvhi:common_voice_hi_24359419,3.576629161834717,3.5367047786712646,0.8669981451375689,1.4791151285171509,nan,nan,nan,nan,
raw,0023,stationary_10,stationary,10.0,False,False,,,ls:2514-149482-0073,8.947663307189941,8.573386192321777,0.9348393952082482,1.4591610431671143,nan,nan,nan,nan,
raw,0024,stationary_10,stationary,10.0,False,False,,,cvhi:common_voice_hi_27761614,8.081336975097656,7.912177085876465,0.8859132248548883,1.394793152809143,nan,nan,nan,nan,
raw,0025,stationary_10,stationary,10.0,False,False,,,ls:6078-54013-0062,9.192627906799316,9.437020301818848,0.9502337577187551,1.8278694152832031,nan,nan,nan,nan,
raw,0026,stationary_10,stationary,10.0,False,False,,,ls:2391-145015-0046,7.872042179107666,8.56127643585205,0.9147587065176175,1.3728934526443481,nan,nan,nan,nan,
raw,0027,stationary_10,stationary,10.0,False,False,,,ls:7447-91187-0003,8.125415802001953,8.491443634033203,0.8378717940620212,1.2074151039123535,nan,nan,nan,nan,
raw,0028,stationary_10,stationary,10.0,False,False,,,ls:5192-19397-0042,9.739938735961914,9.647571563720703,0.8438227506772574,2.1173336505889893,nan,nan,nan,nan,
raw,0029,stationary_10,stationary,10.0,False,False,,,ls:328-129766-0046,9.556571960449219,9.905864715576172,0.9011607499800386,1.3881679773330688,nan,nan,nan,nan,
raw,0030,stationary_10,stationary,10.0,False,False,,,cvhi:common_voice_hi_27749265,7.736467361450195,7.449812412261963,0.88054718765653,1.3499155044555664,nan,nan,nan,nan,
raw,0031,stationary_10,stationary,10.0,False,True,,,ls:2007-132570-0013,9.673994064331055,9.31127643585205,0.8918645522643125,1.2489848136901855,nan,nan,nan,nan,
raw,0032,stationary_10,stationary,10.0,False,False,,,ls:2391-145015-0027,8.028520584106445,7.650786399841309,0.9064939395038087,1.425756573677063,nan,nan,nan,nan,
raw,0033,stationary_10,stationary,10.0,False,False,,,ls:328-129766-0022,10.19645881652832,10.02615737915039,0.8614298505830817,1.2784702777862549,nan,nan,nan,nan,
raw,0034,stationary_10,stationary,10.0,False,False,,,cvhi:common_voice_hi_26152089,7.887945652008057,7.56134557723999,0.9417305159392947,1.4438179731369019,nan,nan,nan,nan,
raw,0035,stationary_10,stationary,10.0,False,False,,,cvhi:common_voice_hi_27860235,7.770078182220459,7.3901848793029785,0.889569699211035,1.2427794933319092,nan,nan,nan,nan,
raw,0036,stationary_10,stationary,10.0,False,False,,,cvhi:common_voice_hi_26018232,6.674406051635742,7.370530128479004,0.8995836265452493,1.2653608322143555,nan,nan,nan,nan,
raw,0037,stationary_10,stationary,10.0,False,False,,,ls:2391-145015-0059,8.962526321411133,8.648421287536621,0.7984056131655652,1.3494685888290405,nan,nan,nan,nan,
raw,0038,stationary_10,stationary,10.0,False,False,,,cvhi:common_voice_hi_26131644,6.721299171447754,6.690174102783203,0.9481092583393357,1.1724268198013306,nan,nan,nan,nan,
raw,0039,stationary_10,stationary,10.0,False,False,,,ls:6147-34606-0032,7.516716957092285,8.154426574707031,0.9021426691294775,1.3560676574707031,nan,nan,nan,nan,
raw,0000,stationary_15,stationary,15.0,False,False,,,cvhi:common_voice_hi_26131959,12.829503059387207,12.622293472290039,0.8645611521356191,1.7407931089401245,nan,nan,nan,nan,
raw,0001,stationary_15,stationary,15.0,False,False,,,cvhi:common_voice_hi_23796064,11.756429672241211,11.510560989379883,0.8976064706769873,1.607336401939392,nan,nan,nan,nan,
raw,0002,stationary_15,stationary,15.0,False,False,,,ls:6078-54007-0036,12.439090728759766,13.39013957977295,0.970602363958598,1.249841332435608,nan,nan,nan,nan,
raw,0003,stationary_15,stationary,15.0,True,False,,,ls:2391-145015-0116,10.556200981140137,10.712806701660156,0.9274652992103607,1.587906837463379,nan,nan,nan,nan,
raw,0004,stationary_15,stationary,15.0,False,True,,,ls:7447-91187-0033,12.959952354431152,12.765501022338867,0.9549845794853551,1.6723324060440063,nan,nan,nan,nan,
raw,0005,stationary_15,stationary,15.0,False,False,,,ls:302-123504-0012,13.8031005859375,14.336562156677246,0.9710016630125347,1.6298141479492188,nan,nan,nan,nan,
raw,0006,stationary_15,stationary,15.0,False,False,,,cvhi:common_voice_hi_27749300,13.591575622558594,13.428153038024902,0.9420008323135172,1.9593524932861328,nan,nan,nan,nan,
raw,0007,stationary_15,stationary,15.0,False,True,,,ls:6385-220959-0034,13.584842681884766,13.394670486450195,0.9740644530093765,1.8916020393371582,nan,nan,nan,nan,
raw,0008,stationary_15,stationary,15.0,False,False,,,ls:87-121553-0025,13.03043270111084,13.952083587646484,0.9783126380837937,1.8697081804275513,nan,nan,nan,nan,
raw,0009,stationary_15,stationary,15.0,False,False,,,ls:2391-145015-0017,14.352240562438965,14.326784133911133,0.9573198086269562,2.000483274459839,nan,nan,nan,nan,
raw,0010,stationary_15,stationary,15.0,False,False,,,ls:6147-34606-0012,12.92192554473877,12.704299926757812,0.9015262307777975,1.5807769298553467,nan,nan,nan,nan,
raw,0011,stationary_15,stationary,15.0,False,False,,,cvhi:common_voice_hi_24977128,12.315722465515137,12.089266777038574,0.9273176275246733,1.2173757553100586,nan,nan,nan,nan,
raw,0012,stationary_15,stationary,15.0,False,False,,,ls:2391-145015-0033,13.914283752441406,13.871892929077148,0.9491595425878405,1.8259245157241821,nan,nan,nan,nan,
raw,0013,stationary_15,stationary,15.0,False,False,,,cvhi:common_voice_hi_26131167,8.672694206237793,9.221508026123047,0.9182398790325481,1.3680498600006104,nan,nan,nan,nan,
raw,0014,stationary_15,stationary,15.0,False,False,,,ls:6385-220959-0002,13.306721687316895,13.130780220031738,0.9615006322451363,1.3963407278060913,nan,nan,nan,nan,
raw,0015,stationary_15,stationary,15.0,True,False,,,cvhi:common_voice_hi_25149597,6.9929094314575195,6.6021928787231445,0.9317621053254513,1.6410152912139893,nan,nan,nan,nan,
raw,0016,stationary_15,stationary,15.0,False,False,,,ls:6272-70168-0033,11.423761367797852,11.905197143554688,0.9536249772087304,2.0777339935302734,nan,nan,nan,nan,
raw,0017,stationary_15,stationary,15.0,False,False,,,ls:2391-145015-0096,14.148345947265625,14.034911155700684,0.958353715947133,2.149561882019043,nan,nan,nan,nan,
raw,0018,stationary_15,stationary,15.0,False,False,,,ls:5192-19397-0043,10.036882400512695,10.871228218078613,0.9406142698824256,2.6283955574035645,nan,nan,nan,nan,
raw,0019,stationary_15,stationary,15.0,False,False,,,cvhi:common_voice_hi_27641130,11.949872970581055,11.714836120605469,0.9402148629462287,2.0935773849487305,nan,nan,nan,nan,
raw,0020,stationary_15,stationary,15.0,True,False,,,ls:6147-34607-0017,7.337210655212402,7.490918159484863,0.8909946259116043,1.5318303108215332,nan,nan,nan,nan,
raw,0021,stationary_15,stationary,15.0,False,False,,,ls:2007-132570-0002,11.747441291809082,12.126879692077637,0.9195550752742077,1.3636081218719482,nan,nan,nan,nan,
raw,0022,stationary_15,stationary,15.0,False,False,,,ls:2007-132570-0016,12.643977165222168,12.401323318481445,0.9083314176829105,1.6350404024124146,nan,nan,nan,nan,
raw,0023,stationary_15,stationary,15.0,False,False,,,cvhi:common_voice_hi_38227751,13.071316719055176,13.795259475708008,0.9558782178219449,2.0014257431030273,nan,nan,nan,nan,
raw,0024,stationary_15,stationary,15.0,False,False,,,ls:4051-11217-0023,14.05026626586914,13.87647533416748,0.9347825297241206,1.7062374353408813,nan,nan,nan,nan,
raw,0025,stationary_15,stationary,15.0,False,True,,,ls:6385-220959-0039,12.162391662597656,13.026556015014648,0.9511921293012081,1.560056447982788,nan,nan,nan,nan,
raw,0026,stationary_15,stationary,15.0,False,True,,,ls:6147-34605-0001,13.515384674072266,13.48940372467041,0.9107405997128567,1.6271021366119385,nan,nan,nan,nan,
raw,0027,stationary_15,stationary,15.0,False,False,,,cvhi:common_voice_hi_37630598,13.041173934936523,12.918352127075195,0.9710895454222032,1.836652398109436,nan,nan,nan,nan,
raw,0028,stationary_15,stationary,15.0,False,False,,,cvhi:common_voice_hi_27860377,10.326765060424805,10.78200912475586,0.9129387348964996,1.5517611503601074,nan,nan,nan,nan,
raw,0029,stationary_15,stationary,15.0,False,True,,,cvhi:common_voice_hi_24758475,8.122349739074707,8.131488800048828,0.9118423734940585,1.7919979095458984,nan,nan,nan,nan,
raw,0030,stationary_15,stationary,15.0,True,False,,,ls:4051-11217-0008,10.30964469909668,9.919761657714844,0.9276730610412004,1.5032302141189575,nan,nan,nan,nan,
raw,0031,stationary_15,stationary,15.0,True,False,,,ls:1926-147987-0014,13.3933744430542,13.718972206115723,0.9754543090300654,1.564194679260254,nan,nan,nan,nan,
raw,0032,stationary_15,stationary,15.0,False,False,,,ls:328-129766-0093,14.15002727508545,14.929901123046875,0.9368822270243761,1.9464731216430664,nan,nan,nan,nan,
raw,0033,stationary_15,stationary,15.0,False,False,,,ls:87-121553-0008,12.779108047485352,13.485443115234375,0.9684840142813637,1.7664058208465576,nan,nan,nan,nan,
raw,0034,stationary_15,stationary,15.0,False,False,,,ls:1926-147979-0051,13.460704803466797,13.44849681854248,0.8308083551690506,1.595787763595581,nan,nan,nan,nan,
raw,0035,stationary_15,stationary,15.0,False,False,,,ls:2514-149482-0042,13.48221206665039,13.87906551361084,0.908803820239103,1.4636379480361938,nan,nan,nan,nan,
raw,0036,stationary_15,stationary,15.0,False,False,,,ls:4830-25904-0036,13.138124465942383,14.030746459960938,0.9379166836255652,1.604817271232605,nan,nan,nan,nan,
raw,0037,stationary_15,stationary,15.0,False,False,,,ls:1081-125237-0082,14.936934471130371,14.891468048095703,0.9646639579534139,2.08457088470459,nan,nan,nan,nan,
raw,0038,stationary_15,stationary,15.0,False,False,,,ls:302-123516-0015,13.266756057739258,13.851959228515625,0.9494297552197185,1.6664178371429443,nan,nan,nan,nan,
raw,0039,stationary_15,stationary,15.0,False,False,,,cvhi:common_voice_hi_25188956,12.139013290405273,12.293864250183105,0.9099356437844919,2.092744827270508,nan,nan,nan,nan,
raw,0000,stationary_5,stationary,5.0,False,False,,,ls:2007-149877-0008,4.426645278930664,4.002336025238037,0.9014963149337331,1.1625678539276123,nan,nan,nan,nan,
raw,0001,stationary_5,stationary,5.0,False,False,,,ls:2514-149482-0027,4.381265163421631,4.020490646362305,0.832803848163673,1.08456289768219,nan,nan,nan,nan,
raw,0002,stationary_5,stationary,5.0,False,False,,,ls:1081-125237-0082,4.560944557189941,4.540130615234375,0.8005545862203508,1.2869479656219482,nan,nan,nan,nan,
raw,0003,stationary_5,stationary,5.0,False,False,,,ls:1081-125237-0077,3.505769729614258,4.160521030426025,0.8072781344184249,1.2135194540023804,nan,nan,nan,nan,
raw,0004,stationary_5,stationary,5.0,False,False,,,ls:4830-25898-0037,2.349381685256958,2.7706680297851562,0.8887367533999679,1.2860772609710693,nan,nan,nan,nan,
raw,0005,stationary_5,stationary,5.0,False,False,,,ls:2007-149877-0035,3.5037457942962646,3.080846071243286,0.8716380258896206,1.0970709323883057,nan,nan,nan,nan,
raw,0006,stationary_5,stationary,5.0,False,False,,,ls:6385-34655-0028,2.126555919647217,2.6395606994628906,0.8244360790316719,1.1672340631484985,nan,nan,nan,nan,
raw,0007,stationary_5,stationary,5.0,False,False,,,ls:5192-19397-0007,4.986210823059082,4.895176887512207,0.7511889321054317,1.3577172756195068,nan,nan,nan,nan,
raw,0008,stationary_5,stationary,5.0,True,False,,,cvhi:common_voice_hi_27749160,1.9692999124526978,1.8234620094299316,0.7964539011616057,1.1190414428710938,nan,nan,nan,nan,
raw,0009,stationary_5,stationary,5.0,False,False,,,ls:6078-54007-0047,3.130385398864746,2.7938385009765625,0.7992314444069449,1.0863778591156006,nan,nan,nan,nan,
raw,0010,stationary_5,stationary,5.0,False,False,,,cvhi:common_voice_hi_27860235,2.0855767726898193,2.3140077590942383,0.862145106202457,1.1560434103012085,nan,nan,nan,nan,
raw,0011,stationary_5,stationary,5.0,False,False,,,ls:6078-54007-0046,2.3613507747650146,2.9828710556030273,0.87583324602551,1.099719762802124,nan,nan,nan,nan,
raw,0012,stationary_5,stationary,5.0,False,False,,,ls:1926-143879-0029,1.349828839302063,1.431760311126709,0.8549828858973811,1.1512223482131958,nan,nan,nan,nan,
raw,0013,stationary_5,stationary,5.0,True,False,,,ls:2514-149482-0045,3.8184237480163574,3.4719581604003906,0.9386539258295883,1.2385727167129517,nan,nan,nan,nan,
raw,0014,stationary_5,stationary,5.0,False,False,,,ls:6272-70191-0000,1.4073431491851807,1.6265242099761963,0.8676068066669413,1.2736120223999023,nan,nan,nan,nan,
raw,0015,stationary_5,stationary,5.0,False,False,,,ls:302-123516-0013,3.5725700855255127,3.6193013191223145,0.9247619149757946,1.3204485177993774,nan,nan,nan,nan,
raw,0016,stationary_5,stationary,5.0,False,False,,,ls:2391-145015-0065,2.7308106422424316,2.8522679805755615,0.8285114954468027,1.1813762187957764,nan,nan,nan,nan,
raw,0017,stationary_5,stationary,5.0,False,False,,,ls:4830-25904-0017,3.9099631309509277,3.668943405151367,0.8995055331965983,1.4356026649475098,nan,nan,nan,nan,
raw,0018,stationary_5,stationary,5.0,False,False,,,ls:6147-34605-0034,2.0645525455474854,2.4592466354370117,0.8251654890975815,1.210762619972229,nan,nan,nan,nan,
raw,0019,stationary_5,stationary,5.0,False,False,,,ls:1081-125237-0039,3.6269969940185547,3.9678826332092285,0.7849657055217406,1.4072273969650269,nan,nan,nan,nan,
raw,0020,stationary_5,stationary,5.0,False,False,,,ls:7447-91186-0023,4.4482221603393555,4.067231178283691,0.8634083298881726,1.2165697813034058,nan,nan,nan,nan,
raw,0021,stationary_5,stationary,5.0,True,False,,,ls:7402-90848-0013,2.7167437076568604,2.7177622318267822,0.7850578740532413,1.2124607563018799,nan,nan,nan,nan,
raw,0022,stationary_5,stationary,5.0,True,False,,,ls:8098-278252-0031,3.2541797161102295,2.7548491954803467,0.8584221832512673,1.2860205173492432,nan,nan,nan,nan,
raw,0023,stationary_5,stationary,5.0,False,False,,,cvhi:common_voice_hi_26897392,1.7276556491851807,1.8458459377288818,0.755278226050302,1.1675856113433838,nan,nan,nan,nan,
raw,0024,stationary_5,stationary,5.0,False,False,,,cvhi:common_voice_hi_26151856,-0.21954388916492462,0.029328947886824608,0.933605902339325,1.324005365371704,nan,nan,nan,nan,
raw,0025,stationary_5,stationary,5.0,False,False,,,ls:5192-19397-0020,3.0858335494995117,3.2292520999908447,0.7629697539465286,1.5343613624572754,nan,nan,nan,nan,
raw,0026,stationary_5,stationary,5.0,True,False,,,ls:2007-149877-0054,3.843029022216797,3.243480920791626,0.8843130064471689,1.2602566480636597,nan,nan,nan,nan,
raw,0027,stationary_5,stationary,5.0,False,True,,,ls:4051-10927-0004,2.5808677673339844,2.868337392807007,0.8637647649127429,1.1589348316192627,nan,nan,nan,nan,
raw,0028,stationary_5,stationary,5.0,False,False,,,ls:6385-34669-0018,4.435439109802246,3.893545627593994,0.8218455421984439,1.1349263191223145,nan,nan,nan,nan,
raw,0029,stationary_5,stationary,5.0,False,False,,,ls:328-129766-0032,5.595695495605469,5.103826522827148,0.884856175499672,1.0880972146987915,nan,nan,nan,nan,
raw,0030,stationary_5,stationary,5.0,False,False,,,ls:2391-145015-0109,3.3220908641815186,3.041334629058838,0.8070655238512632,1.108503818511963,nan,nan,nan,nan,
raw,0031,stationary_5,stationary,5.0,False,False,,,ls:6272-70191-0027,2.169982671737671,2.7139525413513184,0.8972953432303777,1.319158673286438,nan,nan,nan,nan,
raw,0032,stationary_5,stationary,5.0,False,False,,,ls:2391-145015-0038,4.274094581604004,3.7852561473846436,0.8453465106238138,1.2950854301452637,nan,nan,nan,nan,
raw,0033,stationary_5,stationary,5.0,False,False,,,cvhi:common_voice_hi_27749162,1.1809746026992798,1.7444050312042236,0.855026132933838,1.315669298171997,nan,nan,nan,nan,
raw,0034,stationary_5,stationary,5.0,False,False,,,ls:2391-145015-0018,4.727346420288086,4.38630485534668,0.8810194796729766,1.215211033821106,nan,nan,nan,nan,
raw,0035,stationary_5,stationary,5.0,False,False,,,cvhi:common_voice_hi_24758534,-2.8593146800994873,-2.660371780395508,0.9225867786059292,1.404496669769287,nan,nan,nan,nan,
raw,0036,stationary_5,stationary,5.0,False,False,,,cvhi:common_voice_hi_27749160,1.6703662872314453,1.8434786796569824,0.9047216998497924,1.3009624481201172,nan,nan,nan,nan,
raw,0037,stationary_5,stationary,5.0,False,False,,,cvhi:common_voice_hi_24359440,-1.8183324337005615,-1.5934385061264038,0.8976996408110374,1.1351042985916138,nan,nan,nan,nan,
raw,0038,stationary_5,stationary,5.0,False,False,,,cvhi:common_voice_hi_24359462,2.9547431468963623,2.635002613067627,0.9054459104804395,1.2301249504089355,nan,nan,nan,nan,
raw,0039,stationary_5,stationary,5.0,False,False,,,cvhi:common_voice_hi_27749305,2.14516544342041,2.605348825454712,0.7105169615276749,1.094056248664856,nan,nan,nan,nan,
