source,clip,video,seconds,system,condition,dnsmos_sig,dnsmos_bak,dnsmos_ovrl,atten20_frac,mean_atten_db,gate_mean,burst_frac,limiter_frac
mad_communication,mad:test/052_7,_b8fADe41w0,5.0000,gtcrn_pretrained,mono,1.9291,3.5298,1.7291,0.4480,20.9223,nan,nan,nan
mad_communication,mad:test/052_7,_b8fADe41w0,5.0000,r7,ref_dup,2.5427,3.4162,1.9085,1.0000,46.8798,1.0000,0.0000,0.0000
mad_communication,mad:test/052_7,_b8fADe41w0,5.0000,r7,ref_zero,2.0397,1.8839,1.5238,0.0920,9.9680,0.0000,0.0000,0.0000
mad_communication,mad:test/052_7,_b8fADe41w0,5.0000,raw,mono,1.1811,1.1366,1.0907,0.0000,0.0000,nan,nan,nan
mad_communication,mad:test/079_5,sMnN2xZCook,5.0000,gtcrn_pretrained,mono,1.8456,3.6942,1.6799,0.3736,18.7821,nan,nan,nan
mad_communication,mad:test/079_5,sMnN2xZCook,5.0000,r7,ref_dup,2.4739,3.7497,1.9620,1.0000,46.2313,0.5395,0.2866,0.1274
mad_communication,mad:test/079_5,sMnN2xZCook,5.0000,r7,ref_zero,2.0798,2.9333,1.6738,0.0000,2.7419,0.0000,0.0000,0.0000
mad_communication,mad:test/079_5,sMnN2xZCook,5.0000,raw,mono,2.6380,2.6424,2.0177,0.0000,0.0000,nan,nan,nan
mad_communication,mad:test/080_5,test/080,3.0186,gtcrn_pretrained,mono,1.7976,3.4494,1.5581,0.7867,30.7091,nan,nan,nan
mad_communication,mad:test/080_5,test/080,3.0186,r7,ref_dup,2.3001,3.2214,1.8045,1.0000,40.9616,0.8395,0.0737,0.0000
mad_communication,mad:test/080_5,test/080,3.0186,r7,ref_zero,2.1750,3.4081,1.8706,0.1933,10.6403,0.0000,0.0000,0.0000
mad_communication,mad:test/080_5,test/080,3.0186,raw,mono,1.5621,1.2577,1.2332,0.0000,0.0000,nan,nan,nan
mad_communication,mad:test/094_8,ylkEfC-CoyI,2.0201,gtcrn_pretrained,mono,1.6186,3.6687,1.4083,0.8515,33.1095,nan,nan,nan
mad_communication,mad:test/094_8,ylkEfC-CoyI,2.0201,r7,ref_dup,2.5682,3.3872,1.9516,1.0000,41.0608,0.8203,0.0938,0.0000
mad_communication,mad:test/094_8,ylkEfC-CoyI,2.0201,r7,ref_zero,2.0243,3.5090,1.7777,0.4356,19.0820,0.0000,0.0000,0.0000
mad_communication,mad:test/094_8,ylkEfC-CoyI,2.0201,raw,mono,2.2565,2.7559,1.8798,0.0000,0.0000,nan,nan,nan
mad_communication,mad:test/102_12,test/102,4.0170,gtcrn_pretrained,mono,2.8790,3.0909,2.2407,0.0718,5.5884,nan,nan,nan
mad_communication,mad:test/102_12,test/102,4.0170,r7,ref_dup,2.2488,3.5668,1.8432,1.0000,44.1999,0.5820,0.2292,0.0000
mad_communication,mad:test/102_12,test/102,4.0170,r7,ref_zero,2.9650,2.2453,1.9486,0.0308,3.2145,0.0000,0.0000,0.0000
mad_communication,mad:test/102_12,test/102,4.0170,raw,mono,3.2843,1.8578,1.9923,0.0000,0.0000,nan,nan,nan
mad_communication,mad:test/115_15,wmRxVu42BgA,10.0000,gtcrn_pretrained,mono,2.7620,3.6317,2.4254,0.2060,11.5085,nan,nan,nan
mad_communication,mad:test/115_15,wmRxVu42BgA,10.0000,r7,ref_dup,2.2306,3.5935,1.7963,1.0000,41.1505,0.7396,0.1374,0.0016
mad_communication,mad:test/115_15,wmRxVu42BgA,10.0000,r7,ref_zero,3.1635,2.3205,2.1257,0.1060,5.7505,0.0000,0.0000,0.0000
mad_communication,mad:test/115_15,wmRxVu42BgA,10.0000,raw,mono,1.2380,1.1330,1.1335,0.0000,0.0000,nan,nan,nan
mad_communication,mad:test/127_11,iH1GMjD_BuI,3.0294,gtcrn_pretrained,mono,2.4935,3.8286,2.1702,0.2914,13.4552,nan,nan,nan
mad_communication,mad:test/127_11,iH1GMjD_BuI,3.0294,r7,ref_dup,2.4506,3.7294,1.9036,1.0000,39.5668,0.9450,0.0262,0.0000
mad_communication,mad:test/127_11,iH1GMjD_BuI,3.0294,r7,ref_zero,2.6197,3.1758,2.0863,0.1722,8.6647,0.0000,0.0000,0.0000
mad_communication,mad:test/127_11,iH1GMjD_BuI,3.0294,raw,mono,2.7464,2.2409,2.0072,0.0000,0.0000,nan,nan,nan
mad_communication,mad:test/147_82,EKJaJIWD7ts,5.0154,gtcrn_pretrained,mono,2.1034,3.7309,1.8925,0.4640,18.8264,nan,nan,nan
mad_communication,mad:test/147_82,EKJaJIWD7ts,5.0154,r7,ref_dup,2.5119,3.7867,2.0697,1.0000,37.6889,0.8378,0.0825,0.0000
mad_communication,mad:test/147_82,EKJaJIWD7ts,5.0154,r7,ref_zero,2.1274,3.3075,1.8354,0.2760,12.6219,0.0000,0.0000,0.0000
mad_communication,mad:test/147_82,EKJaJIWD7ts,5.0154,raw,mono,1.8498,1.8678,1.5149,0.0000,0.0000,nan,nan,nan
mad_communication,mad:test/148_4,test/148,3.0000,gtcrn_pretrained,mono,3.2201,4.0201,2.9120,0.3000,11.6997,nan,nan,nan
mad_communication,mad:test/148_4,test/148,3.0000,r7,ref_dup,2.6478,3.8547,2.0277,1.0000,36.5277,0.7227,0.1587,0.0000
mad_communication,mad:test/148_4,test/148,3.0000,r7,ref_zero,3.2993,3.8654,2.9353,0.1133,6.6425,0.0000,0.0000,0.0000
mad_communication,mad:test/148_4,test/148,3.0000,raw,mono,3.5830,3.3288,2.8417,0.0000,0.0000,nan,nan,nan
mad_communication,mad:test/151_20,test/151,4.0170,gtcrn_pretrained,mono,2.6845,3.3480,2.1437,0.1200,9.1229,nan,nan,nan
mad_communication,mad:test/151_20,test/151,4.0170,r7,ref_dup,2.6002,3.6751,1.9887,1.0000,37.3705,0.8379,0.0751,0.0000
mad_communication,mad:test/151_20,test/151,4.0170,r7,ref_zero,2.7324,2.8901,2.0899,0.0450,5.8592,0.0000,0.0000,0.0000
mad_communication,mad:test/151_20,test/151,4.0170,raw,mono,2.9815,2.3366,2.0886,0.0000,0.0000,nan,nan,nan
mad_communication,mad:test/152_15,fCZK3Lckq_c,3.0000,gtcrn_pretrained,mono,2.8218,3.8150,2.5368,0.2467,13.4983,nan,nan,nan
mad_communication,mad:test/152_15,fCZK3Lckq_c,3.0000,r7,ref_dup,2.1887,3.4805,1.7011,1.0000,46.0707,0.8122,0.0688,0.0000
mad_communication,mad:test/152_15,fCZK3Lckq_c,3.0000,r7,ref_zero,2.9530,2.4141,1.9124,0.0733,5.6861,0.0000,0.0000,0.0000
mad_communication,mad:test/152_15,fCZK3Lckq_c,3.0000,raw,mono,3.2880,2.1289,2.0872,0.0000,0.0000,nan,nan,nan
mad_communication,mad:test/161_15,60bZqwvjWa8,9.0000,gtcrn_pretrained,mono,2.5162,3.9100,2.1956,0.3110,14.1653,nan,nan,nan
mad_communication,mad:test/161_15,60bZqwvjWa8,9.0000,r7,ref_dup,2.3260,3.7024,1.8635,1.0000,36.1279,0.7470,0.1401,0.0124
mad_communication,mad:test/161_15,60bZqwvjWa8,9.0000,r7,ref_zero,2.6597,2.9881,2.0228,0.0291,4.8999,0.0000,0.0000,0.0000
mad_communication,mad:test/161_15,60bZqwvjWa8,9.0000,raw,mono,2.8444,2.4203,2.0750,0.0000,0.0000,nan,nan,nan
mad_communication,mad:test/163_11,gqbfJRuaUQY,2.0000,gtcrn_pretrained,mono,2.3911,3.8914,2.0304,0.2100,9.4269,nan,nan,nan
mad_communication,mad:test/163_11,gqbfJRuaUQY,2.0000,r7,ref_dup,2.6731,3.8962,2.0735,0.9900,36.0564,0.6362,0.2143,0.0635
mad_communication,mad:test/163_11,gqbfJRuaUQY,2.0000,r7,ref_zero,2.1071,1.9689,1.4368,0.0000,2.6455,0.0000,0.0000,0.0000
mad_communication,mad:test/163_11,gqbfJRuaUQY,2.0000,raw,mono,2.1705,1.7583,1.5025,0.0000,0.0000,nan,nan,nan
mad_communication,mad:test/174_1,1VODpmWTj_A,4.0387,gtcrn_pretrained,mono,1.9836,3.9238,1.7727,0.5821,24.3050,nan,nan,nan
mad_communication,mad:test/174_1,1VODpmWTj_A,4.0387,r7,ref_dup,2.8327,3.9462,2.2413,1.0000,38.7339,1.0000,0.0000,0.0000
mad_communication,mad:test/174_1,1VODpmWTj_A,4.0387,r7,ref_zero,1.7808,3.4857,1.5710,0.5224,18.7177,0.0000,0.0000,0.0000
mad_communication,mad:test/174_1,1VODpmWTj_A,4.0387,raw,mono,1.2295,1.2029,1.1124,0.0000,0.0000,nan,nan,nan
mad_communication,mad:test/190_1,2QaJBTR0IAQ,9.0000,gtcrn_pretrained,mono,2.8565,3.4750,2.4671,0.3356,14.8481,nan,nan,nan
mad_communication,mad:test/190_1,2QaJBTR0IAQ,9.0000,r7,ref_dup,2.4931,3.6379,1.9531,1.0000,42.1291,0.7770,0.1223,0.0089
mad_communication,mad:test/190_1,2QaJBTR0IAQ,9.0000,r7,ref_zero,2.8165,3.0364,2.3028,0.1862,9.0196,0.0000,0.0000,0.0000
mad_communication,mad:test/190_1,2QaJBTR0IAQ,9.0000,raw,mono,3.4249,2.5104,2.4720,0.0000,0.0000,nan,nan,nan
mad_communication,mad:test/208_1,Zm_fPbLqkwU,9.0000,gtcrn_pretrained,mono,2.4047,3.9797,2.0816,0.5222,23.3255,nan,nan,nan
mad_communication,mad:test/208_1,Zm_fPbLqkwU,9.0000,r7,ref_dup,2.6789,3.7384,2.0872,1.0000,33.8387,0.8112,0.0887,0.0018
mad_communication,mad:test/208_1,Zm_fPbLqkwU,9.0000,r7,ref_zero,2.1164,3.1843,1.6619,0.1400,11.0629,0.0000,0.0000,0.0000
mad_communication,mad:test/208_1,Zm_fPbLqkwU,9.0000,raw,mono,1.0406,1.1682,1.0266,0.0000,0.0000,nan,nan,nan
mad_communication,mad:test/241_5,4h7MAdyQZLw,4.0000,gtcrn_pretrained,mono,3.4808,4.1450,3.2577,0.1610,6.6692,nan,nan,nan
mad_communication,mad:test/241_5,4h7MAdyQZLw,4.0000,r7,ref_dup,2.6401,3.8763,2.0883,1.0000,41.3076,0.6653,0.1952,0.0159
mad_communication,mad:test/241_5,4h7MAdyQZLw,4.0000,r7,ref_zero,3.2527,3.8959,2.9199,0.0678,3.7383,0.0000,0.0000,0.0000
mad_communication,mad:test/241_5,4h7MAdyQZLw,4.0000,raw,mono,3.4337,3.6649,2.9247,0.0000,0.0000,nan,nan,nan
mad_communication,mad:test/245_15,Gezu6A9zcLU,7.0000,gtcrn_pretrained,mono,2.5882,3.6080,2.2501,0.5143,22.6505,nan,nan,nan
mad_communication,mad:test/245_15,Gezu6A9zcLU,7.0000,r7,ref_dup,2.5228,3.6639,1.9182,1.0000,40.7369,0.9163,0.0501,0.0114
mad_communication,mad:test/245_15,Gezu6A9zcLU,7.0000,r7,ref_zero,2.0043,3.4292,1.8097,0.4114,15.4902,0.0000,0.0000,0.0000
mad_communication,mad:test/245_15,Gezu6A9zcLU,7.0000,raw,mono,1.1871,1.1405,1.1064,0.0000,0.0000,nan,nan,nan
mad_communication,mad:test/252_0,3mSzoHeQDhU,3.0000,gtcrn_pretrained,mono,2.9380,3.6094,2.5345,0.0828,5.5669,nan,nan,nan
mad_communication,mad:test/252_0,3mSzoHeQDhU,3.0000,r7,ref_dup,2.4306,3.6395,1.8741,1.0000,45.4465,0.7421,0.1270,0.0000
mad_communication,mad:test/252_0,3mSzoHeQDhU,3.0000,r7,ref_zero,3.1585,2.6763,2.2577,0.0345,2.9584,0.0000,0.0000,0.0000
mad_communication,mad:test/252_0,3mSzoHeQDhU,3.0000,raw,mono,3.4136,1.8661,2.0021,0.0000,0.0000,nan,nan,nan
mad_communication,mad:test/256_1,ma9iw-EDiAE,4.0000,gtcrn_pretrained,mono,1.7746,3.2555,1.3792,0.9741,38.3967,nan,nan,nan
mad_communication,mad:test/256_1,ma9iw-EDiAE,4.0000,r7,ref_dup,2.5835,3.9180,2.0396,1.0000,48.8954,0.8695,0.0717,0.0000
mad_communication,mad:test/256_1,ma9iw-EDiAE,4.0000,r7,ref_zero,1.7659,2.6160,1.4164,0.5337,21.3840,0.0000,0.0000,0.0000
mad_communication,mad:test/256_1,ma9iw-EDiAE,4.0000,raw,mono,1.1757,1.1666,1.0873,0.0000,0.0000,nan,nan,nan
mad_communication,mad:test/258_56,J6xx3eTlFFo,6.0000,gtcrn_pretrained,mono,2.7296,3.8805,2.4631,0.1723,7.0007,nan,nan,nan
mad_communication,mad:test/258_56,J6xx3eTlFFo,6.0000,r7,ref_dup,2.4363,3.5032,1.8647,1.0000,39.7974,0.6691,0.1729,0.0000
mad_communication,mad:test/258_56,J6xx3eTlFFo,6.0000,r7,ref_zero,2.7085,3.3974,2.2779,0.0574,4.2817,0.0000,0.0000,0.0000
mad_communication,mad:test/258_56,J6xx3eTlFFo,6.0000,raw,mono,3.0386,2.4704,2.1593,0.0000,0.0000,nan,nan,nan
mad_communication,mad:test/296_0,IwBLEXLdfII,5.0000,gtcrn_pretrained,mono,2.7256,3.7478,2.4370,0.0000,1.5074,nan,nan,nan
mad_communication,mad:test/296_0,IwBLEXLdfII,5.0000,r7,ref_dup,2.4728,3.7989,1.9809,1.0000,42.3014,0.5565,0.2707,0.0159
mad_communication,mad:test/296_0,IwBLEXLdfII,5.0000,r7,ref_zero,2.8968,3.7058,2.5468,0.0000,0.3962,0.0000,0.0000,0.0000
mad_communication,mad:test/296_0,IwBLEXLdfII,5.0000,raw,mono,2.9389,3.4577,2.4916,0.0000,0.0000,nan,nan,nan
mad_communication,mad:test/388_25,YaRd3uFfoFo,8.0000,gtcrn_pretrained,mono,2.1528,3.4094,1.8864,0.2325,12.4511,nan,nan,nan
mad_communication,mad:test/388_25,YaRd3uFfoFo,8.0000,r7,ref_dup,2.4611,3.5860,1.9126,1.0000,41.3095,0.8220,0.0978,0.0000
mad_communication,mad:test/388_25,YaRd3uFfoFo,8.0000,r7,ref_zero,1.8484,3.0949,1.6168,0.3050,12.9167,0.0000,0.0000,0.0000
mad_communication,mad:test/388_25,YaRd3uFfoFo,8.0000,raw,mono,1.6914,1.4741,1.3403,0.0000,0.0000,nan,nan,nan
mad_communication,mad:test/394_12,tXR7Cqb1HpQ,4.0000,gtcrn_pretrained,mono,2.5723,3.9967,2.0839,0.5400,17.5267,nan,nan,nan
mad_communication,mad:test/394_12,tXR7Cqb1HpQ,4.0000,r7,ref_dup,2.8298,3.9641,2.2343,0.9850,32.1828,0.9502,0.0279,0.0000
mad_communication,mad:test/394_12,tXR7Cqb1HpQ,4.0000,r7,ref_zero,2.3555,2.9447,1.6649,0.0300,3.2581,0.0000,0.0000,0.0000
mad_communication,mad:test/394_12,tXR7Cqb1HpQ,4.0000,raw,mono,2.1581,2.7263,1.5716,0.0000,0.0000,nan,nan,nan
mad_communication,mad:test/425_1,UccqNrFCZ4o,4.0000,gtcrn_pretrained,mono,2.8566,3.8730,2.4272,0.0050,2.9244,nan,nan,nan
mad_communication,mad:test/425_1,UccqNrFCZ4o,4.0000,r7,ref_dup,2.7872,3.9015,2.1586,1.0000,37.3454,0.9236,0.0359,0.0000
mad_communication,mad:test/425_1,UccqNrFCZ4o,4.0000,r7,ref_zero,2.6953,3.3319,2.1615,0.0850,8.0803,0.0000,0.0000,0.0000
mad_communication,mad:test/425_1,UccqNrFCZ4o,4.0000,raw,mono,2.9128,2.3500,2.0590,0.0000,0.0000,nan,nan,nan
mad_communication,mad:test/444_5,fHi5sZB3G9w,3.0000,gtcrn_pretrained,mono,2.7827,3.9934,2.5302,0.0093,2.3188,nan,nan,nan
mad_communication,mad:test/444_5,fHi5sZB3G9w,3.0000,r7,ref_dup,2.6286,3.9045,2.0877,1.0000,43.9653,0.3959,0.5185,0.3386
mad_communication,mad:test/444_5,fHi5sZB3G9w,3.0000,r7,ref_zero,2.7551,3.4482,2.3179,0.0000,1.1840,0.0000,0.0000,0.0000
mad_communication,mad:test/444_5,fHi5sZB3G9w,3.0000,raw,mono,2.8704,2.8665,2.1860,0.0000,0.0000,nan,nan,nan
mad_communication,mad:test/451_4,bsDmYS5BorU,5.0000,gtcrn_pretrained,mono,2.9882,3.5705,2.4921,0.1741,8.7926,nan,nan,nan
mad_communication,mad:test/451_4,bsDmYS5BorU,5.0000,r7,ref_dup,2.5881,3.8083,2.1077,1.0000,37.6068,0.7811,0.1178,0.0127
mad_communication,mad:test/451_4,bsDmYS5BorU,5.0000,r7,ref_zero,2.9147,2.8889,2.1881,0.0405,5.2311,0.0000,0.0000,0.0000
mad_communication,mad:test/451_4,bsDmYS5BorU,5.0000,raw,mono,2.7243,1.3051,1.5246,0.0000,0.0000,nan,nan,nan
mad_communication,mad:test/467_9,XNbuRkeF1Yo,4.0000,gtcrn_pretrained,mono,3.1542,4.0904,2.9367,0.0104,0.7535,nan,nan,nan
mad_communication,mad:test/467_9,XNbuRkeF1Yo,4.0000,r7,ref_dup,2.6451,3.7890,1.9990,1.0000,49.2772,0.4631,0.3825,0.1275
mad_communication,mad:test/467_9,XNbuRkeF1Yo,4.0000,r7,ref_zero,3.1095,3.9513,2.8234,0.0000,1.1060,0.0000,0.0000,0.0000
mad_communication,mad:test/467_9,XNbuRkeF1Yo,4.0000,raw,mono,3.1724,3.8015,2.8059,0.0000,0.0000,nan,nan,nan
mad_communication,mad:test/477_9,tuThyjzSzkA,10.0000,gtcrn_pretrained,mono,2.6823,3.2696,2.1873,0.2940,12.3776,nan,nan,nan
mad_communication,mad:test/477_9,tuThyjzSzkA,10.0000,r7,ref_dup,2.7603,3.9288,2.2234,1.0000,37.5728,0.6507,0.1901,0.0000
mad_communication,mad:test/477_9,tuThyjzSzkA,10.0000,r7,ref_zero,2.8656,2.5746,2.0377,0.0559,5.8964,0.0000,0.0000,0.0000
mad_communication,mad:test/477_9,tuThyjzSzkA,10.0000,raw,mono,3.3271,2.2124,2.1936,0.0000,0.0000,nan,nan,nan
mad_communication,mad:training/001_0,_zPFYjW8EF8,6.0000,gtcrn_pretrained,mono,2.5645,3.7377,2.2795,0.3300,17.6910,nan,nan,nan
mad_communication,mad:training/001_0,_zPFYjW8EF8,6.0000,r7,ref_dup,2.6160,3.6821,2.0424,1.0000,43.8814,0.9441,0.0266,0.0000
mad_communication,mad:training/001_0,_zPFYjW8EF8,6.0000,r7,ref_zero,2.7326,2.8269,2.1267,0.1700,10.2025,0.0000,0.0000,0.0000
mad_communication,mad:training/001_0,_zPFYjW8EF8,6.0000,raw,mono,1.2260,1.1338,1.1441,0.0000,0.0000,nan,nan,nan
mad_communication,mad:training/002_2,gRMz4ZEN4Bg,6.0325,gtcrn_pretrained,mono,2.4404,3.6633,2.1495,0.4850,25.4767,nan,nan,nan
mad_communication,mad:training/002_2,gRMz4ZEN4Bg,6.0325,r7,ref_dup,2.4773,3.4636,1.9165,1.0000,44.5909,1.0000,0.0000,0.0000
mad_communication,mad:training/002_2,gRMz4ZEN4Bg,6.0325,r7,ref_zero,2.2853,2.6838,1.7992,0.1960,10.6196,0.0000,0.0000,0.0000
mad_communication,mad:training/002_2,gRMz4ZEN4Bg,6.0325,raw,mono,1.1809,1.1324,1.0857,0.0000,0.0000,nan,nan,nan
mad_communication,mad:training/003_5,eqSEgOfQ1HI,4.0170,gtcrn_pretrained,mono,2.9132,3.9422,2.6662,0.4200,19.0100,nan,nan,nan
mad_communication,mad:training/003_5,eqSEgOfQ1HI,4.0170,r7,ref_dup,2.5484,3.7063,1.9763,1.0000,44.1404,1.0000,0.0000,0.0000
mad_communication,mad:training/003_5,eqSEgOfQ1HI,4.0170,r7,ref_zero,2.5837,3.0607,2.0951,0.2700,10.5530,0.0000,0.0000,0.0000
mad_communication,mad:training/003_5,eqSEgOfQ1HI,4.0170,raw,mono,3.3969,2.3137,2.2662,0.0000,0.0000,nan,nan,nan
mad_communication,mad:training/005_1,WNW3I8z6WBQ,4.0403,gtcrn_pretrained,mono,2.6785,3.5253,2.1077,0.0050,5.6783,nan,nan,nan
mad_communication,mad:training/005_1,WNW3I8z6WBQ,4.0403,r7,ref_dup,2.7009,3.9617,2.0765,1.0000,36.2420,0.9304,0.0354,0.0000
mad_communication,mad:training/005_1,WNW3I8z6WBQ,4.0403,r7,ref_zero,2.6307,3.3771,2.0287,0.0000,4.7621,0.0000,0.0000,0.0000
mad_communication,mad:training/005_1,WNW3I8z6WBQ,4.0403,raw,mono,2.3187,2.2753,1.5424,0.0000,0.0000,nan,nan,nan
mad_communication,mad:training/006_3,AvSEHXGx-xU,5.0154,gtcrn_pretrained,mono,2.2524,3.6237,2.0017,0.5691,24.3978,nan,nan,nan
mad_communication,mad:training/006_3,AvSEHXGx-xU,5.0154,r7,ref_dup,2.5416,3.8508,2.0479,1.0000,46.9014,0.6791,0.1746,0.0000
mad_communication,mad:training/006_3,AvSEHXGx-xU,5.0154,r7,ref_zero,2.3490,3.6516,2.0761,0.5407,20.3773,0.0000,0.0000,0.0000
mad_communication,mad:training/006_3,AvSEHXGx-xU,5.0154,raw,mono,3.2887,3.2533,2.6680,0.0000,0.0000,nan,nan,nan
mad_communication,mad:training/007_3,NiQ481TD8ag,5.0154,gtcrn_pretrained,mono,2.6566,3.9460,2.3847,0.5360,24.6946,nan,nan,nan
mad_communication,mad:training/007_3,NiQ481TD8ag,5.0154,r7,ref_dup,2.5800,3.8747,1.9869,1.0000,40.8340,0.9698,0.0127,0.0000
mad_communication,mad:training/007_3,NiQ481TD8ag,5.0154,r7,ref_zero,2.4199,3.2815,2.0118,0.4560,15.7893,0.0000,0.0000,0.0000
mad_communication,mad:training/007_3,NiQ481TD8ag,5.0154,raw,mono,3.2776,2.2188,2.1326,0.0000,0.0000,nan,nan,nan
mad_communication,mad:training/009_8,Bpfbw-lccQw,4.0000,gtcrn_pretrained,mono,2.9358,3.9882,2.6948,0.0432,2.8265,nan,nan,nan
mad_communication,mad:training/009_8,Bpfbw-lccQw,4.0000,r7,ref_dup,2.5160,3.6866,2.0243,1.0000,46.0169,0.2905,0.5418,0.2869
mad_communication,mad:training/009_8,Bpfbw-lccQw,4.0000,r7,ref_zero,2.4656,3.6942,2.1666,0.0360,3.3880,0.0000,0.0000,0.0000
mad_communication,mad:training/009_8,Bpfbw-lccQw,4.0000,raw,mono,2.8159,3.1323,2.3513,0.0000,0.0000,nan,nan,nan
mad_communication,mad:training/017_3,V1NJPSZZBsk,7.0124,gtcrn_pretrained,mono,2.7557,3.9303,2.4757,0.4565,20.1184,nan,nan,nan
mad_communication,mad:training/017_3,V1NJPSZZBsk,7.0124,r7,ref_dup,2.6272,3.8670,2.0827,1.0000,42.4581,0.4610,0.2955,0.0023
mad_communication,mad:training/017_3,V1NJPSZZBsk,7.0124,r7,ref_zero,2.6969,3.4135,2.2596,0.2019,10.6244,0.0000,0.0000,0.0000
mad_communication,mad:training/017_3,V1NJPSZZBsk,7.0124,raw,mono,3.4590,2.1823,2.2927,0.0000,0.0000,nan,nan,nan
mad_communication,mad:training/018_5,hfOL6s2bGoA,10.0000,gtcrn_pretrained,mono,2.8920,3.6744,2.5245,0.1458,7.7888,nan,nan,nan
mad_communication,mad:training/018_5,hfOL6s2bGoA,10.0000,r7,ref_dup,2.4175,3.7240,1.9442,1.0000,36.3488,0.7886,0.1118,0.0032
mad_communication,mad:training/018_5,hfOL6s2bGoA,10.0000,r7,ref_zero,3.0395,3.1573,2.4132,0.0063,2.9115,0.0000,0.0000,0.0000
mad_communication,mad:training/018_5,hfOL6s2bGoA,10.0000,raw,mono,1.1891,1.0807,1.1191,0.0000,0.0000,nan,nan,nan
mad_communication,mad:training/020_0,wavCf3JrwbE,4.0000,gtcrn_pretrained,mono,1.7239,3.6036,1.3677,0.5300,20.7591,nan,nan,nan
mad_communication,mad:training/020_0,wavCf3JrwbE,4.0000,r7,ref_dup,2.7030,3.9384,2.1118,1.0000,39.1544,1.0000,0.0000,0.0000
mad_communication,mad:training/020_0,wavCf3JrwbE,4.0000,r7,ref_zero,1.8955,3.6031,1.4858,0.7200,25.5823,0.0000,0.0000,0.0000
mad_communication,mad:training/020_0,wavCf3JrwbE,4.0000,raw,mono,0.8632,0.9368,0.8144,0.0000,0.0000,nan,nan,nan
mad_communication,mad:training/023_1,ioTIUb_7y74,4.0170,gtcrn_pretrained,mono,2.8974,3.9418,2.6323,0.3100,14.5387,nan,nan,nan
mad_communication,mad:training/023_1,ioTIUb_7y74,4.0170,r7,ref_dup,2.7042,3.8020,2.1554,1.0000,42.5957,0.6703,0.1818,0.0000
mad_communication,mad:training/023_1,ioTIUb_7y74,4.0170,r7,ref_zero,2.7344,3.5007,2.3440,0.2050,9.8519,0.0000,0.0000,0.0000
mad_communication,mad:training/023_1,ioTIUb_7y74,4.0170,raw,mono,3.3390,2.1720,2.1991,0.0000,0.0000,nan,nan,nan
mad_communication,mad:training/024_1,9TeyGsEA0_g,10.0000,gtcrn_pretrained,mono,2.7900,3.8191,2.5069,0.0519,3.5664,nan,nan,nan
mad_communication,mad:training/024_1,9TeyGsEA0_g,10.0000,r7,ref_dup,2.3869,3.8264,1.8239,1.0000,43.7960,0.5318,0.2716,0.0000
mad_communication,mad:training/024_1,9TeyGsEA0_g,10.0000,r7,ref_zero,2.7374,3.7106,2.4124,0.0024,1.3580,0.0000,0.0000,0.0000
mad_communication,mad:training/024_1,9TeyGsEA0_g,10.0000,raw,mono,3.0447,3.2660,2.4052,0.0000,0.0000,nan,nan,nan
mad_communication,mad:training/026_0,u3QyF7z3THg,10.0000,gtcrn_pretrained,mono,2.3381,3.8439,2.0805,0.7420,33.2762,nan,nan,nan
mad_communication,mad:training/026_0,u3QyF7z3THg,10.0000,r7,ref_dup,2.8557,3.9929,2.2913,1.0000,43.3333,0.7207,0.1374,0.0000
mad_communication,mad:training/026_0,u3QyF7z3THg,10.0000,r7,ref_zero,2.2869,2.5026,1.6581,0.4740,18.3952,0.0000,0.0000,0.0000
mad_communication,mad:training/026_0,u3QyF7z3THg,10.0000,raw,mono,1.1934,1.1436,1.1036,0.0000,0.0000,nan,nan,nan
mad_communication,mad:training/029_5,qRWZi0lQCA0,4.0000,gtcrn_pretrained,mono,2.4620,3.8212,2.1946,0.6650,30.2531,nan,nan,nan
mad_communication,mad:training/029_5,qRWZi0lQCA0,4.0000,r7,ref_dup,2.4622,3.4407,1.9491,1.0000,43.0213,0.7832,0.1155,0.0000
mad_communication,mad:training/029_5,qRWZi0lQCA0,4.0000,r7,ref_zero,2.5261,3.0670,2.0607,0.1800,9.4885,0.0000,0.0000,0.0000
mad_communication,mad:training/029_5,qRWZi0lQCA0,4.0000,raw,mono,2.1627,1.4034,1.4651,0.0000,0.0000,nan,nan,nan
mad_communication,mad:training/044_0,MTWdt5DB9k0,4.0170,gtcrn_pretrained,mono,2.2219,3.2272,1.8723,0.1800,11.6591,nan,nan,nan
mad_communication,mad:training/044_0,MTWdt5DB9k0,4.0170,r7,ref_dup,2.6280,3.6216,2.0380,1.0000,41.4817,0.8834,0.0514,0.0000
mad_communication,mad:training/044_0,MTWdt5DB9k0,4.0170,r7,ref_zero,2.1150,2.8574,1.7115,0.1000,8.3179,0.0000,0.0000,0.0000
mad_communication,mad:training/044_0,MTWdt5DB9k0,4.0170,raw,mono,1.3349,1.1725,1.1664,0.0000,0.0000,nan,nan,nan
mad_communication,mad:training/051_6,training/051,3.0186,gtcrn_pretrained,mono,3.1707,3.9233,2.8298,0.2400,11.3293,nan,nan,nan
mad_communication,mad:training/051_6,training/051,3.0186,r7,ref_dup,2.6169,3.6950,2.0241,1.0000,38.3918,0.7272,0.1368,0.0000
mad_communication,mad:training/051_6,training/051,3.0186,r7,ref_zero,3.1237,3.1017,2.4210,0.0467,5.8632,0.0000,0.0000,0.0000
mad_communication,mad:training/051_6,training/051,3.0186,raw,mono,3.4994,2.8194,2.5320,0.0000,0.0000,nan,nan,nan
mad_communication,mad:training/064_0,udyVmJuyC74,4.0154,gtcrn_pretrained,mono,2.6251,3.3375,2.1520,0.3050,13.4811,nan,nan,nan
mad_communication,mad:training/064_0,udyVmJuyC74,4.0154,r7,ref_dup,2.6192,3.7982,2.0326,1.0000,39.9122,0.8492,0.0754,0.0000
mad_communication,mad:training/064_0,udyVmJuyC74,4.0154,r7,ref_zero,2.5238,3.3139,2.0975,0.2950,10.9633,0.0000,0.0000,0.0000
mad_communication,mad:training/064_0,udyVmJuyC74,4.0154,raw,mono,2.7351,1.9326,1.8319,0.0000,0.0000,nan,nan,nan
mad_communication,mad:training/066_4,CKNWEEq0PQI,5.0154,gtcrn_pretrained,mono,1.9431,3.9630,1.7579,0.6480,26.5336,nan,nan,nan
mad_communication,mad:training/066_4,CKNWEEq0PQI,5.0154,r7,ref_dup,2.6508,3.4788,1.9980,1.0000,39.8486,1.0000,0.0000,0.0000
mad_communication,mad:training/066_4,CKNWEEq0PQI,5.0154,r7,ref_zero,2.2942,3.5835,2.0277,0.4840,18.0756,0.0000,0.0000,0.0000
mad_communication,mad:training/066_4,CKNWEEq0PQI,5.0154,raw,mono,1.6517,1.3050,1.2594,0.0000,0.0000,nan,nan,nan
mad_communication,mad:training/067_11,Tj3FmeYH-Oo,8.0341,gtcrn_pretrained,mono,3.0601,2.8810,2.3422,0.1267,8.4294,nan,nan,nan
mad_communication,mad:training/067_11,Tj3FmeYH-Oo,8.0341,r7,ref_dup,2.3556,3.7321,1.9472,1.0000,43.0573,0.7601,0.1250,0.0000
mad_communication,mad:training/067_11,Tj3FmeYH-Oo,8.0341,r7,ref_zero,2.9871,2.4917,2.0200,0.0055,2.8424,0.0645,0.0000,0.0000
mad_communication,mad:training/067_11,Tj3FmeYH-Oo,8.0341,raw,mono,3.1688,1.9825,1.9413,0.0000,0.0000,nan,nan,nan
mad_communication,mad:training/068_21,BlHYY--FsFo,5.0387,gtcrn_pretrained,mono,1.8628,3.5054,1.6300,0.4603,19.0773,nan,nan,nan
mad_communication,mad:training/068_21,BlHYY--FsFo,5.0387,r7,ref_dup,2.7440,3.8908,2.1954,1.0000,40.0998,0.8165,0.1487,0.1108
mad_communication,mad:training/068_21,BlHYY--FsFo,5.0387,r7,ref_zero,2.0458,3.0026,1.6558,0.0711,6.6098,0.0000,0.0000,0.0000
mad_communication,mad:training/068_21,BlHYY--FsFo,5.0387,raw,mono,1.4555,1.3673,1.2982,0.0000,0.0000,nan,nan,nan
mad_communication,mad:training/070_0,1HGMJwHuGPQ,4.0170,gtcrn_pretrained,mono,2.9064,3.7278,2.5802,0.3750,18.6461,nan,nan,nan
mad_communication,mad:training/070_0,1HGMJwHuGPQ,4.0170,r7,ref_dup,2.0850,3.5462,1.6662,1.0000,51.4492,1.0000,0.0000,0.0000
mad_communication,mad:training/070_0,1HGMJwHuGPQ,4.0170,r7,ref_zero,3.1826,2.1013,2.0603,0.0200,6.3155,0.0000,0.0000,0.0000
mad_communication,mad:training/070_0,1HGMJwHuGPQ,4.0170,raw,mono,3.1163,1.6612,1.6857,0.0000,0.0000,nan,nan,nan
mad_communication,mad:training/072_2,pjQvk5PrqdA,2.0201,gtcrn_pretrained,mono,2.5362,3.4517,2.0790,0.2178,10.4764,nan,nan,nan
mad_communication,mad:training/072_2,pjQvk5PrqdA,2.0201,r7,ref_dup,2.5325,3.6873,1.9384,1.0000,36.4996,1.0000,0.0000,0.0000
mad_communication,mad:training/072_2,pjQvk5PrqdA,2.0201,r7,ref_zero,2.5074,2.6419,1.8545,0.0000,4.8476,0.0000,0.0000,0.0000
mad_communication,mad:training/072_2,pjQvk5PrqdA,2.0201,raw,mono,1.3157,1.2348,1.1461,0.0000,0.0000,nan,nan,nan
mad_communication,mad:training/075_14,UaKBbJcLBi8,5.0387,gtcrn_pretrained,mono,2.1187,3.7547,1.9200,0.5538,22.0521,nan,nan,nan
mad_communication,mad:training/075_14,UaKBbJcLBi8,5.0387,r7,ref_dup,2.4924,3.7254,2.0659,1.0000,43.1036,0.7930,0.1139,0.0000
mad_communication,mad:training/075_14,UaKBbJcLBi8,5.0387,r7,ref_zero,2.3141,3.2841,2.0108,0.1474,9.3550,0.0000,0.0000,0.0000
mad_communication,mad:training/075_14,UaKBbJcLBi8,5.0387,raw,mono,2.1069,1.5646,1.4226,0.0000,0.0000,nan,nan,nan
mad_communication,mad:training/076_2,-0-zfSkWqZE,8.0341,gtcrn_pretrained,mono,2.7110,4.0744,2.4389,0.3342,13.0333,nan,nan,nan
mad_communication,mad:training/076_2,-0-zfSkWqZE,8.0341,r7,ref_dup,2.6725,3.9234,2.0863,1.0000,34.6825,0.5785,0.2381,0.0060
mad_communication,mad:training/076_2,-0-zfSkWqZE,8.0341,r7,ref_zero,2.8625,3.4737,2.3072,0.0000,1.7557,0.0000,0.0000,0.0000
mad_communication,mad:training/076_2,-0-zfSkWqZE,8.0341,raw,mono,3.0365,3.3094,2.3667,0.0000,0.0000,nan,nan,nan
mad_communication,mad:training/081_7,zFELG_vEEnc,4.0170,gtcrn_pretrained,mono,2.6352,3.5172,2.1145,0.2200,11.6848,nan,nan,nan
mad_communication,mad:training/081_7,zFELG_vEEnc,4.0170,r7,ref_dup,2.6396,3.8735,2.0353,0.9950,36.1789,0.8340,0.0791,0.0000
mad_communication,mad:training/081_7,zFELG_vEEnc,4.0170,r7,ref_zero,2.9749,2.9637,2.2016,0.0000,4.1529,0.0000,0.0000,0.0000
mad_communication,mad:training/081_7,zFELG_vEEnc,4.0170,raw,mono,2.8726,2.5206,2.0238,0.0000,0.0000,nan,nan,nan
mad_communication,mad:training/084_6,vc9plIAPNjA,10.0000,gtcrn_pretrained,mono,2.2378,3.3297,1.9346,0.3460,20.0249,nan,nan,nan
mad_communication,mad:training/084_6,vc9plIAPNjA,10.0000,r7,ref_dup,2.5357,3.6504,1.9626,1.0000,45.7230,0.9092,0.0447,0.0000
mad_communication,mad:training/084_6,vc9plIAPNjA,10.0000,r7,ref_zero,2.3208,2.9561,1.9467,0.2900,13.6246,0.0000,0.0000,0.0000
mad_communication,mad:training/084_6,vc9plIAPNjA,10.0000,raw,mono,1.4867,1.2290,1.1880,0.0000,0.0000,nan,nan,nan
mad_communication,mad:training/087_3,9UbXVOLs1EI,3.0000,gtcrn_pretrained,mono,2.1940,3.6497,1.9903,0.3067,16.5566,nan,nan,nan
mad_communication,mad:training/087_3,9UbXVOLs1EI,3.0000,r7,ref_dup,2.6455,3.6303,2.0308,1.0000,44.0520,1.0000,0.0000,0.0000
mad_communication,mad:training/087_3,9UbXVOLs1EI,3.0000,r7,ref_zero,2.2874,3.2880,1.9962,0.2933,14.1113,0.0000,0.0000,0.0000
mad_communication,mad:training/087_3,9UbXVOLs1EI,3.0000,raw,mono,1.2220,1.1518,1.1270,0.0000,0.0000,nan,nan,nan
mad_communication,mad:training/088_7,FsDPxAQdd30,6.0000,gtcrn_pretrained,mono,3.1606,4.0946,2.8818,0.2393,10.1902,nan,nan,nan
mad_communication,mad:training/088_7,FsDPxAQdd30,6.0000,r7,ref_dup,2.8239,3.9665,2.2649,1.0000,37.2911,0.6957,0.1702,0.0027
mad_communication,mad:training/088_7,FsDPxAQdd30,6.0000,r7,ref_zero,2.9122,3.4661,2.3912,0.0250,5.1235,0.0226,0.0000,0.0000
mad_communication,mad:training/088_7,FsDPxAQdd30,6.0000,raw,mono,3.2111,3.0078,2.4486,0.0000,0.0000,nan,nan,nan
mad_communication,mad:training/089_4,training/089,5.0154,gtcrn_pretrained,mono,2.3745,3.4122,2.0739,0.3918,18.0593,nan,nan,nan
mad_communication,mad:training/089_4,training/089,5.0154,r7,ref_dup,2.1799,3.3971,1.7164,1.0000,43.7238,0.6312,0.2095,0.0000
mad_communication,mad:training/089_4,training/089,5.0154,r7,ref_zero,2.6193,2.7081,2.0029,0.2041,9.2368,0.0000,0.0000,0.0000
mad_communication,mad:training/089_4,training/089,5.0154,raw,mono,2.6145,1.5104,1.6343,0.0000,0.0000,nan,nan,nan
mad_communication,mad:training/090_1,lu_jvDyJMYE,10.0000,gtcrn_pretrained,mono,3.0879,2.3275,2.0290,0.0500,8.3042,nan,nan,nan
mad_communication,mad:training/090_1,lu_jvDyJMYE,10.0000,r7,ref_dup,2.4319,3.1023,1.7337,1.0000,49.7331,0.9681,0.0144,0.0000
mad_communication,mad:training/090_1,lu_jvDyJMYE,10.0000,r7,ref_zero,3.0671,2.0621,1.8945,0.0140,4.6030,0.0000,0.0000,0.0000
mad_communication,mad:training/090_1,lu_jvDyJMYE,10.0000,raw,mono,1.3878,1.2400,1.1052,0.0000,0.0000,nan,nan,nan
mad_communication,mad:training/091_7,O5B1ibSi96I,3.0000,gtcrn_pretrained,mono,3.3841,4.1149,3.0807,0.6067,22.5358,nan,nan,nan
mad_communication,mad:training/091_7,O5B1ibSi96I,3.0000,r7,ref_dup,2.5768,3.8086,2.0701,1.0000,36.3671,1.0000,0.0000,0.0000
mad_communication,mad:training/091_7,O5B1ibSi96I,3.0000,r7,ref_zero,3.1426,3.8103,2.7274,0.3400,12.4396,0.0000,0.0000,0.0000
mad_communication,mad:training/091_7,O5B1ibSi96I,3.0000,raw,mono,3.5134,3.1212,2.6536,0.0000,0.0000,nan,nan,nan
mad_communication,mad:training/092_5,rTn5UezOC0A,7.0000,gtcrn_pretrained,mono,2.0105,3.5641,1.8024,0.4384,19.7478,nan,nan,nan
mad_communication,mad:training/092_5,rTn5UezOC0A,7.0000,r7,ref_dup,2.3728,3.2269,1.7766,1.0000,44.1416,0.8781,0.0661,0.0000
mad_communication,mad:training/092_5,rTn5UezOC0A,7.0000,r7,ref_zero,1.8772,2.9433,1.5721,0.2521,11.6565,0.0000,0.0000,0.0000
mad_communication,mad:training/092_5,rTn5UezOC0A,7.0000,raw,mono,1.1830,1.1209,1.1089,0.0000,0.0000,nan,nan,nan
mad_communication,mad:training/095_22,c3BzJ-O_1V4,3.0000,gtcrn_pretrained,mono,2.5828,3.9964,2.3376,0.3033,12.5963,nan,nan,nan
mad_communication,mad:training/095_22,c3BzJ-O_1V4,3.0000,r7,ref_dup,2.5738,3.6132,2.0013,1.0000,37.9741,0.7606,0.1323,0.0000
mad_communication,mad:training/095_22,c3BzJ-O_1V4,3.0000,r7,ref_zero,2.5354,3.2536,2.0442,0.1557,7.9446,0.0000,0.0000,0.0000
mad_communication,mad:training/095_22,c3BzJ-O_1V4,3.0000,raw,mono,1.6119,1.3156,1.2198,0.0000,0.0000,nan,nan,nan
mad_communication,mad:training/097_3,training/097,6.0000,gtcrn_pretrained,mono,2.8358,3.9469,2.4963,0.3624,14.6010,nan,nan,nan
mad_communication,mad:training/097_3,training/097,6.0000,r7,ref_dup,2.7120,3.9657,2.1175,1.0000,38.5747,0.6574,0.1809,0.0000
mad_communication,mad:training/097_3,training/097,6.0000,r7,ref_zero,2.7143,3.5688,2.2973,0.1980,9.6826,0.0000,0.0000,0.0000
mad_communication,mad:training/097_3,training/097,6.0000,raw,mono,2.9038,2.5597,2.1364,0.0000,0.0000,nan,nan,nan
mad_communication,mad:training/098_25,-aVNTPTeU1A,5.0387,gtcrn_pretrained,mono,1.8659,3.0361,1.5847,0.3147,16.6094,nan,nan,nan
mad_communication,mad:training/098_25,-aVNTPTeU1A,5.0387,r7,ref_dup,2.4329,3.3622,1.8777,1.0000,44.8991,0.9367,0.0285,0.0000
mad_communication,mad:training/098_25,-aVNTPTeU1A,5.0387,r7,ref_zero,2.3941,2.7796,1.8702,0.1753,9.9719,0.0000,0.0000,0.0000
mad_communication,mad:training/098_25,-aVNTPTeU1A,5.0387,raw,mono,1.1852,1.1181,1.0919,0.0000,0.0000,nan,nan,nan
mad_communication,mad:training/105_7,x2ay87_wA5Q,2.0371,gtcrn_pretrained,mono,1.8269,3.2364,1.5474,0.5800,23.4903,nan,nan,nan
mad_communication,mad:training/105_7,x2ay87_wA5Q,2.0371,r7,ref_dup,2.3883,3.6479,1.9034,1.0000,44.4177,0.5730,0.2558,0.0000
mad_communication,mad:training/105_7,x2ay87_wA5Q,2.0371,r7,ref_zero,2.3785,2.4248,1.6592,0.0900,5.3862,0.0000,0.0000,0.0000
mad_communication,mad:training/105_7,x2ay87_wA5Q,2.0371,raw,mono,1.2628,1.1584,1.1231,0.0000,0.0000,nan,nan,nan
mad_communication,mad:training/106_1,OAXdcTuqZGA,8.0325,gtcrn_pretrained,mono,1.8706,3.3374,1.6489,0.3416,17.3223,nan,nan,nan
mad_communication,mad:training/106_1,OAXdcTuqZGA,8.0325,r7,ref_dup,2.5974,3.4076,1.9561,1.0000,43.0939,0.9355,0.0317,0.0020
mad_communication,mad:training/106_1,OAXdcTuqZGA,8.0325,r7,ref_zero,2.2711,2.9174,1.7588,0.1122,6.5250,0.0000,0.0000,0.0000
mad_communication,mad:training/106_1,OAXdcTuqZGA,8.0325,raw,mono,1.1641,1.1376,1.0905,0.0000,0.0000,nan,nan,nan
mad_communication,mad:training/107_6,ZyjpYEWmtPg,7.0000,gtcrn_pretrained,mono,2.9219,3.6957,2.5472,0.2848,11.6931,nan,nan,nan
mad_communication,mad:training/107_6,ZyjpYEWmtPg,7.0000,r7,ref_dup,2.5819,3.8388,2.0597,1.0000,41.4916,0.7090,0.1549,0.0046
mad_communication,mad:training/107_6,ZyjpYEWmtPg,7.0000,r7,ref_zero,2.8907,3.1301,2.2900,0.0615,4.3989,0.0000,0.0000,0.0000
mad_communication,mad:training/107_6,ZyjpYEWmtPg,7.0000,raw,mono,3.5088,2.6842,2.5602,0.0000,0.0000,nan,nan,nan
mad_communication,mad:training/108_25,ysAPJQ1aTSM,5.0154,gtcrn_pretrained,mono,2.0966,3.6478,1.8583,0.4880,23.8069,nan,nan,nan
mad_communication,mad:training/108_25,ysAPJQ1aTSM,5.0154,r7,ref_dup,2.5161,3.7810,1.9857,1.0000,45.6846,0.9698,0.0127,0.0000
mad_communication,mad:training/108_25,ysAPJQ1aTSM,5.0154,r7,ref_zero,2.0116,2.6776,1.5910,0.2240,11.7734,0.0000,0.0000,0.0000
mad_communication,mad:training/108_25,ysAPJQ1aTSM,5.0154,raw,mono,1.2393,1.2023,1.1392,0.0000,0.0000,nan,nan,nan
mad_communication,mad:training/109_22,Oc8KB1R_iyI,7.0356,gtcrn_pretrained,mono,3.3514,3.8411,2.9559,0.1203,6.7756,nan,nan,nan
mad_communication,mad:training/109_22,Oc8KB1R_iyI,7.0356,r7,ref_dup,2.3744,3.7005,1.8953,1.0000,37.9020,0.7646,0.1315,0.0136
mad_communication,mad:training/109_22,Oc8KB1R_iyI,7.0356,r7,ref_zero,3.2631,3.5192,2.7540,0.1037,6.6631,0.0000,0.0000,0.0000
mad_communication,mad:training/109_22,Oc8KB1R_iyI,7.0356,raw,mono,3.6349,3.0420,2.8049,0.0000,0.0000,nan,nan,nan
mad_communication,mad:training/111_7,9QgwDCXiLOw,3.0186,gtcrn_pretrained,mono,2.2794,3.3262,1.9294,0.3667,18.3823,nan,nan,nan
mad_communication,mad:training/111_7,9QgwDCXiLOw,3.0186,r7,ref_dup,2.4489,3.5194,1.9197,1.0000,44.7361,0.9395,0.0316,0.0000
mad_communication,mad:training/111_7,9QgwDCXiLOw,3.0186,r7,ref_zero,2.3960,2.8163,1.8680,0.2267,10.6068,0.0000,0.0000,0.0000
mad_communication,mad:training/111_7,9QgwDCXiLOw,3.0186,raw,mono,1.1913,1.1514,1.0712,0.0000,0.0000,nan,nan,nan
mad_communication,mad:training/112_8,94CPYhhKelU,3.0154,gtcrn_pretrained,mono,2.5403,3.9023,2.3196,0.0222,3.0155,nan,nan,nan
mad_communication,mad:training/112_8,94CPYhhKelU,3.0154,r7,ref_dup,2.4628,3.7688,1.9363,1.0000,42.8928,0.6373,0.2000,0.0053
mad_communication,mad:training/112_8,94CPYhhKelU,3.0154,r7,ref_zero,2.3090,3.5594,1.9925,0.0111,2.5984,0.0000,0.0000,0.0000
mad_communication,mad:training/112_8,94CPYhhKelU,3.0154,raw,mono,2.7116,2.6026,1.9694,0.0000,0.0000,nan,nan,nan
mad_communication,mad:training/113_9,7LwLpTpJ9Do,7.0356,gtcrn_pretrained,mono,2.9948,3.9249,2.6728,0.0887,5.3459,nan,nan,nan
mad_communication,mad:training/113_9,7LwLpTpJ9Do,7.0356,r7,ref_dup,2.5669,3.8392,1.9734,1.0000,38.0324,0.6039,0.2245,0.0023
mad_communication,mad:training/113_9,7LwLpTpJ9Do,7.0356,r7,ref_zero,2.9544,3.0994,2.3163,0.0031,2.5062,0.0000,0.0000,0.0000
mad_communication,mad:training/113_9,7LwLpTpJ9Do,7.0356,raw,mono,3.2650,2.7502,2.3347,0.0000,0.0000,nan,nan,nan
mad_communication,mad:training/114_21,QKN09nf6BC8,10.0000,gtcrn_pretrained,mono,2.8383,3.9879,2.5794,0.0260,1.6776,nan,nan,nan
mad_communication,mad:training/114_21,QKN09nf6BC8,10.0000,r7,ref_dup,2.1530,3.8470,1.7807,1.0000,44.1804,0.6715,0.1837,0.0016
mad_communication,mad:training/114_21,QKN09nf6BC8,10.0000,r7,ref_zero,2.7251,3.4536,2.2551,0.0032,1.0892,0.0013,0.0000,0.0000
mad_communication,mad:training/114_21,QKN09nf6BC8,10.0000,raw,mono,3.0040,3.3534,2.4552,0.0000,0.0000,nan,nan,nan
mad_communication,mad:training/117_16,training/117,5.0309,gtcrn_pretrained,mono,2.2136,3.7042,1.9907,0.4821,25.1396,nan,nan,nan
mad_communication,mad:training/117_16,training/117,5.0309,r7,ref_dup,2.6184,3.9071,2.0173,1.0000,45.8921,0.6316,0.1899,0.0000
mad_communication,mad:training/117_16,training/117,5.0309,r7,ref_zero,1.7697,3.0649,1.4883,0.2390,13.4211,0.0000,0.0000,0.0000
mad_communication,mad:training/117_16,training/117,5.0309,raw,mono,1.2681,1.2102,1.1321,0.0000,0.0000,nan,nan,nan
mad_communication,mad:training/119_10,FPia9omI1g4,5.0154,gtcrn_pretrained,mono,3.1400,3.8120,2.7866,0.1165,8.1368,nan,nan,nan
mad_communication,mad:training/119_10,FPia9omI1g4,5.0154,r7,ref_dup,2.4430,3.6236,1.9564,1.0000,42.9363,0.7421,0.1460,0.0000
mad_communication,mad:training/119_10,FPia9omI1g4,5.0154,r7,ref_zero,3.3807,2.4907,2.3604,0.1165,6.6142,0.0000,0.0000,0.0000
mad_communication,mad:training/119_10,FPia9omI1g4,5.0154,raw,mono,3.5505,2.3049,2.3301,0.0000,0.0000,nan,nan,nan
mad_communication,mad:training/120_44,xZHWTBftoB4,3.0371,gtcrn_pretrained,mono,2.8463,3.3546,2.3957,0.1493,7.4409,nan,nan,nan
mad_communication,mad:training/120_44,xZHWTBftoB4,3.0371,r7,ref_dup,2.3778,3.7285,1.9267,1.0000,44.1545,0.6898,0.1780,0.0000
mad_communication,mad:training/120_44,xZHWTBftoB4,3.0371,r7,ref_zero,2.8621,3.2495,2.3500,0.0373,4.0956,0.0000,0.0000,0.0000
mad_communication,mad:training/120_44,xZHWTBftoB4,3.0371,raw,mono,3.4650,2.4316,2.4809,0.0000,0.0000,nan,nan,nan
mad_communication,mad:training/122_16,x_tFZcYmIeE,3.0417,gtcrn_pretrained,mono,3.1119,3.5772,2.6104,0.1060,6.6064,nan,nan,nan
mad_communication,mad:training/122_16,x_tFZcYmIeE,3.0417,r7,ref_dup,2.5440,3.7960,2.0429,1.0000,37.8458,0.8359,0.0781,0.0000
mad_communication,mad:training/122_16,x_tFZcYmIeE,3.0417,r7,ref_zero,3.1704,3.2736,2.5276,0.0265,3.5098,0.0000,0.0000,0.0000
mad_communication,mad:training/122_16,x_tFZcYmIeE,3.0417,raw,mono,3.4382,3.0610,2.6261,0.0000,0.0000,nan,nan,nan
mad_communication,mad:training/123_17,qcTmkKP_ku0,9.0217,gtcrn_pretrained,mono,2.8806,3.8037,2.5364,0.5588,24.2684,nan,nan,nan
mad_communication,mad:training/123_17,qcTmkKP_ku0,9.0217,r7,ref_dup,2.5255,3.8363,1.9204,1.0000,45.6168,0.7117,0.1434,0.0000
mad_communication,mad:training/123_17,qcTmkKP_ku0,9.0217,r7,ref_zero,2.7303,3.5380,2.3365,0.4191,17.5359,0.0000,0.0000,0.0000
mad_communication,mad:training/123_17,qcTmkKP_ku0,9.0217,raw,mono,3.4822,2.7053,2.4993,0.0000,0.0000,nan,nan,nan
mad_communication,mad:training/124_18,48R1JD44KbQ,3.0186,gtcrn_pretrained,mono,1.9654,3.3949,1.7175,0.4067,19.2656,nan,nan,nan
mad_communication,mad:training/124_18,48R1JD44KbQ,3.0186,r7,ref_dup,2.4866,3.6535,1.9649,1.0000,43.8671,0.8636,0.0737,0.0053
mad_communication,mad:training/124_18,48R1JD44KbQ,3.0186,r7,ref_zero,1.3199,2.4630,1.2134,0.2867,12.2869,0.0000,0.0000,0.0000
mad_communication,mad:training/124_18,48R1JD44KbQ,3.0186,raw,mono,1.2563,1.2310,1.1490,0.0000,0.0000,nan,nan,nan
mad_communication,mad:training/125_5,cvHwie5AI34,5.0387,gtcrn_pretrained,mono,2.6889,4.0047,2.3596,0.4462,19.0459,nan,nan,nan
mad_communication,mad:training/125_5,cvHwie5AI34,5.0387,r7,ref_dup,2.5890,3.9206,2.0448,1.0000,38.0751,0.9101,0.0380,0.0000
mad_communication,mad:training/125_5,cvHwie5AI34,5.0387,r7,ref_zero,2.5069,3.6487,2.1027,0.0518,7.5535,0.0000,0.0000,0.0000
mad_communication,mad:training/125_5,cvHwie5AI34,5.0387,raw,mono,2.9700,2.7998,2.2093,0.0000,0.0000,nan,nan,nan
mad_communication,mad:training/126_9,w1H9Lz5H0NM,3.0417,gtcrn_pretrained,mono,3.3345,4.1119,3.0745,0.0112,2.3984,nan,nan,nan
mad_communication,mad:training/126_9,w1H9Lz5H0NM,3.0417,r7,ref_dup,2.1966,3.6771,1.7767,1.0000,45.8297,0.5747,0.2552,0.0104
mad_communication,mad:training/126_9,w1H9Lz5H0NM,3.0417,r7,ref_zero,3.1827,3.9452,2.8727,0.0225,1.3448,0.0000,0.0000,0.0000
mad_communication,mad:training/126_9,w1H9Lz5H0NM,3.0417,raw,mono,3.4779,3.4415,2.9239,0.0000,0.0000,nan,nan,nan
mad_communication,mad:training/128_56,6wqlS_1E6zA,4.0000,gtcrn_pretrained,mono,2.9219,3.9625,2.5456,0.2251,10.3097,nan,nan,nan
mad_communication,mad:training/128_56,6wqlS_1E6zA,4.0000,r7,ref_dup,2.6322,3.8524,2.0787,1.0000,35.8417,0.6218,0.1952,0.0000
mad_communication,mad:training/128_56,6wqlS_1E6zA,4.0000,r7,ref_zero,3.0330,3.3371,2.4046,0.0000,2.3636,0.0000,0.0000,0.0000
mad_communication,mad:training/128_56,6wqlS_1E6zA,4.0000,raw,mono,2.8396,2.4783,2.1068,0.0000,0.0000,nan,nan,nan
mad_communication,mad:training/129_20,KNe49xAa1iE,2.0000,gtcrn_pretrained,mono,1.5033,3.6314,1.3535,0.7738,36.2525,nan,nan,nan
mad_communication,mad:training/129_20,KNe49xAa1iE,2.0000,r7,ref_dup,2.5856,3.7757,2.0879,1.0000,43.8909,0.5714,0.2540,0.0714
mad_communication,mad:training/129_20,KNe49xAa1iE,2.0000,r7,ref_zero,2.0086,3.3684,1.6917,0.4762,18.6939,0.0000,0.0000,0.0000
mad_communication,mad:training/129_20,KNe49xAa1iE,2.0000,raw,mono,1.1990,1.1363,1.1044,0.0000,0.0000,nan,nan,nan
mad_communication,mad:training/130_0,Ggetv1Cf9T8,3.0000,gtcrn_pretrained,mono,2.6999,3.9067,2.3580,0.3533,16.3210,nan,nan,nan
mad_communication,mad:training/130_0,Ggetv1Cf9T8,3.0000,r7,ref_dup,2.7086,3.8968,2.0975,1.0000,39.9381,0.7690,0.1270,0.0000
mad_communication,mad:training/130_0,Ggetv1Cf9T8,3.0000,r7,ref_zero,2.3835,3.7197,2.0466,0.1533,8.5986,0.0000,0.0000,0.0000
mad_communication,mad:training/130_0,Ggetv1Cf9T8,3.0000,raw,mono,3.2338,3.1953,2.5151,0.0000,0.0000,nan,nan,nan
mad_communication,mad:training/132_2,zwPVadlwcLM,8.0341,gtcrn_pretrained,mono,2.4339,3.6521,2.1554,0.4788,23.8494,nan,nan,nan
mad_communication,mad:training/132_2,zwPVadlwcLM,8.0341,r7,ref_dup,2.2893,3.5396,1.8071,1.0000,43.6752,0.9623,0.0159,0.0000
mad_communication,mad:training/132_2,zwPVadlwcLM,8.0341,r7,ref_zero,2.4273,2.7382,1.8615,0.2394,11.0813,0.0000,0.0000,0.0000
mad_communication,mad:training/132_2,zwPVadlwcLM,8.0341,raw,mono,3.1480,1.6997,1.8201,0.0000,0.0000,nan,nan,nan
mad_communication,mad:training/134_3,Sv4swYq659A,7.0309,gtcrn_pretrained,mono,1.9866,3.7777,1.8356,0.2991,16.1397,nan,nan,nan
mad_communication,mad:training/134_3,Sv4swYq659A,7.0309,r7,ref_dup,2.4995,3.4335,1.8762,1.0000,43.8168,1.0000,0.0000,0.0000
mad_communication,mad:training/134_3,Sv4swYq659A,7.0309,r7,ref_zero,2.1840,2.9604,1.7451,0.1937,11.4317,0.0000,0.0000,0.0000
mad_communication,mad:training/134_3,Sv4swYq659A,7.0309,raw,mono,2.0398,1.4882,1.4401,0.0000,0.0000,nan,nan,nan
mad_communication,mad:training/136_19,hWXbQAt51Rc,4.0154,gtcrn_pretrained,mono,2.7276,3.8842,2.4843,0.3864,14.5807,nan,nan,nan
mad_communication,mad:training/136_19,hWXbQAt51Rc,4.0154,r7,ref_dup,2.3916,3.8651,1.9550,1.0000,40.5931,0.5946,0.2460,0.0397
mad_communication,mad:training/136_19,hWXbQAt51Rc,4.0154,r7,ref_zero,2.6827,3.5677,2.3386,0.1761,8.8339,0.0000,0.0000,0.0000
mad_communication,mad:training/136_19,hWXbQAt51Rc,4.0154,raw,mono,3.2108,2.4895,2.2183,0.0000,0.0000,nan,nan,nan
mad_communication,mad:training/137_27,training/137,2.0201,gtcrn_pretrained,mono,2.1028,3.4231,1.7734,0.1584,10.1773,nan,nan,nan
mad_communication,mad:training/137_27,training/137,2.0201,r7,ref_dup,2.6088,3.4868,2.0078,1.0000,37.1069,0.7240,0.1328,0.0000
mad_communication,mad:training/137_27,training/137,2.0201,r7,ref_zero,1.9323,2.7004,1.5478,0.0594,6.3113,0.0000,0.0000,0.0000
mad_communication,mad:training/137_27,training/137,2.0201,raw,mono,1.2151,1.1341,1.1081,0.0000,0.0000,nan,nan,nan
mad_communication,mad:training/144_21,nqf17othGbE,3.0186,gtcrn_pretrained,mono,1.8150,3.7580,1.5951,0.7067,27.7827,nan,nan,nan
mad_communication,mad:training/144_21,nqf17othGbE,3.0186,r7,ref_dup,2.8020,3.8951,2.2423,1.0000,40.7896,1.0000,0.0000,0.0000
mad_communication,mad:training/144_21,nqf17othGbE,3.0186,r7,ref_zero,1.9578,3.3267,1.5969,0.5867,21.7401,0.0000,0.0000,0.0000
mad_communication,mad:training/144_21,nqf17othGbE,3.0186,raw,mono,1.1876,1.1624,1.1113,0.0000,0.0000,nan,nan,nan
mad_communication,mad:training/145_16,training/145,5.0154,gtcrn_pretrained,mono,2.6776,3.0989,2.0821,0.0840,8.0651,nan,nan,nan
mad_communication,mad:training/145_16,training/145,5.0154,r7,ref_dup,2.6907,3.7855,2.0724,1.0000,39.6625,0.9302,0.0349,0.0000
mad_communication,mad:training/145_16,training/145,5.0154,r7,ref_zero,2.5638,2.9233,1.9671,0.0440,6.0252,0.0000,0.0000,0.0000
mad_communication,mad:training/145_16,training/145,5.0154,raw,mono,3.1301,2.3425,2.1460,0.0000,0.0000,nan,nan,nan
mad_communication,mad:training/146_20,X6FZmkzd7-A,2.0201,gtcrn_pretrained,mono,2.0389,3.9099,1.8582,0.7228,27.8597,nan,nan,nan
mad_communication,mad:training/146_20,X6FZmkzd7-A,2.0201,r7,ref_dup,2.4896,3.4838,1.9150,1.0000,39.5762,0.9102,0.0469,0.0000
mad_communication,mad:training/146_20,X6FZmkzd7-A,2.0201,r7,ref_zero,2.2569,3.3268,1.8876,0.2178,11.3779,0.0000,0.0000,0.0000
mad_communication,mad:training/146_20,X6FZmkzd7-A,2.0201,raw,mono,2.3058,2.1624,1.7520,0.0000,0.0000,nan,nan,nan
mad_communication,mad:training/149_14,dM0uwd6Vy_I,3.0000,gtcrn_pretrained,mono,2.7387,3.8867,2.4328,0.4015,15.0128,nan,nan,nan
mad_communication,mad:training/149_14,dM0uwd6Vy_I,3.0000,r7,ref_dup,2.7410,3.9512,2.1455,1.0000,39.1703,0.5450,0.2751,0.0688
mad_communication,mad:training/149_14,dM0uwd6Vy_I,3.0000,r7,ref_zero,2.6672,3.3867,2.2112,0.1818,8.8833,0.0000,0.0000,0.0000
mad_communication,mad:training/149_14,dM0uwd6Vy_I,3.0000,raw,mono,3.2840,3.0923,2.5405,0.0000,0.0000,nan,nan,nan
mad_communication,mad:training/150_24,training/150,8.0108,gtcrn_pretrained,mono,3.0247,3.2971,2.4579,0.2437,10.4153,nan,nan,nan
mad_communication,mad:training/150_24,training/150,8.0108,r7,ref_dup,2.3395,3.7178,1.9065,1.0000,44.3857,0.8954,0.0498,0.0000
mad_communication,mad:training/150_24,training/150,8.0108,r7,ref_zero,2.9225,3.2209,2.3355,0.1434,8.3606,0.0000,0.0000,0.0000
mad_communication,mad:training/150_24,training/150,8.0108,raw,mono,3.1231,2.8196,2.3556,0.0000,0.0000,nan,nan,nan
mad_communication,mad:training/153_43,-ZzB2B_DNU0,2.0201,gtcrn_pretrained,mono,2.0133,3.5349,1.6488,0.3267,16.7961,nan,nan,nan
mad_communication,mad:training/153_43,-ZzB2B_DNU0,2.0201,r7,ref_dup,2.6304,3.7371,2.0379,1.0000,37.4990,0.9180,0.0391,0.0000
mad_communication,mad:training/153_43,-ZzB2B_DNU0,2.0201,r7,ref_zero,2.2217,2.9253,1.6576,0.0495,7.7374,0.0000,0.0000,0.0000
mad_communication,mad:training/153_43,-ZzB2B_DNU0,2.0201,raw,mono,1.8883,1.5654,1.3877,0.0000,0.0000,nan,nan,nan
mad_communication,mad:training/154_19,M553AmdYqhg,4.0000,gtcrn_pretrained,mono,2.7573,3.7307,2.4268,0.2990,12.1391,nan,nan,nan
mad_communication,mad:training/154_19,M553AmdYqhg,4.0000,r7,ref_dup,2.6772,3.8083,2.1384,1.0000,38.9973,0.7334,0.1355,0.0000
mad_communication,mad:training/154_19,M553AmdYqhg,4.0000,r7,ref_zero,2.6368,2.9918,2.0461,0.0361,3.9581,0.0000,0.0000,0.0000
mad_communication,mad:training/154_19,M553AmdYqhg,4.0000,raw,mono,2.9294,2.3837,2.0103,0.0000,0.0000,nan,nan,nan
mad_communication,mad:training/155_23,cNxMlZyTcPI,3.0154,gtcrn_pretrained,mono,2.6574,3.9381,2.4152,0.0902,7.4040,nan,nan,nan
mad_communication,mad:training/155_23,cNxMlZyTcPI,3.0154,r7,ref_dup,2.4458,3.7835,2.0124,1.0000,40.6887,0.7526,0.1316,0.0000
mad_communication,mad:training/155_23,cNxMlZyTcPI,3.0154,r7,ref_zero,2.2172,3.5130,1.9195,0.2459,10.5921,0.0000,0.0000,0.0000
mad_communication,mad:training/155_23,cNxMlZyTcPI,3.0154,raw,mono,2.3305,2.1570,1.7679,0.0000,0.0000,nan,nan,nan
mad_communication,mad:training/156_8,SsXjPrFD4o0,4.0403,gtcrn_pretrained,mono,1.7190,3.6652,1.5587,0.8564,34.7637,nan,nan,nan
mad_communication,mad:training/156_8,SsXjPrFD4o0,4.0403,r7,ref_dup,2.4632,3.2596,1.8963,1.0000,45.7687,1.0000,0.0000,0.0000
mad_communication,mad:training/156_8,SsXjPrFD4o0,4.0403,r7,ref_zero,1.9976,2.6272,1.5623,0.1931,12.9002,0.0000,0.0000,0.0000
mad_communication,mad:training/156_8,SsXjPrFD4o0,4.0403,raw,mono,1.2256,1.1464,1.1053,0.0000,0.0000,nan,nan,nan
mad_communication,mad:training/158_14,S7BGTY8uy2M,5.0108,gtcrn_pretrained,mono,2.8930,3.9369,2.6337,0.4120,18.4710,nan,nan,nan
mad_communication,mad:training/158_14,S7BGTY8uy2M,5.0108,r7,ref_dup,2.4772,3.6826,1.9979,1.0000,39.3591,0.8238,0.0889,0.0032
mad_communication,mad:training/158_14,S7BGTY8uy2M,5.0108,r7,ref_zero,2.3975,3.2156,2.0009,0.3760,13.4475,0.0000,0.0000,0.0000
mad_communication,mad:training/158_14,S7BGTY8uy2M,5.0108,raw,mono,3.3992,2.3068,2.2764,0.0000,0.0000,nan,nan,nan
mad_communication,mad:training/159_21,bDh0xN7C89s,7.0388,gtcrn_pretrained,mono,2.5027,3.1988,1.9279,0.1083,8.0388,nan,nan,nan
mad_communication,mad:training/159_21,bDh0xN7C89s,7.0388,r7,ref_dup,2.6121,3.5389,1.9795,1.0000,37.9326,0.8900,0.0476,0.0000
mad_communication,mad:training/159_21,bDh0xN7C89s,7.0388,r7,ref_zero,2.5452,2.8644,1.8977,0.0997,8.2751,0.0000,0.0000,0.0000
mad_communication,mad:training/159_21,bDh0xN7C89s,7.0388,raw,mono,2.0496,1.4801,1.4337,0.0000,0.0000,nan,nan,nan
mad_communication,mad:training/160_6,Xg77md8fw8Y,4.0170,gtcrn_pretrained,mono,2.0716,3.5051,1.8251,0.1250,10.0447,nan,nan,nan
mad_communication,mad:training/160_6,Xg77md8fw8Y,4.0170,r7,ref_dup,2.6132,3.6133,2.0020,1.0000,38.3951,1.0000,0.0000,0.0000
mad_communication,mad:training/160_6,Xg77md8fw8Y,4.0170,r7,ref_zero,1.5545,2.5468,1.3899,0.0700,9.2117,0.0000,0.0000,0.0000
mad_communication,mad:training/160_6,Xg77md8fw8Y,4.0170,raw,mono,1.2514,1.2292,1.1493,0.0000,0.0000,nan,nan,nan
mad_communication,mad:training/162_13,ywl3QETXf9s,9.0000,gtcrn_pretrained,mono,3.2032,3.3890,2.6540,0.0544,3.3235,nan,nan,nan
mad_communication,mad:training/162_13,ywl3QETXf9s,9.0000,r7,ref_dup,2.3515,3.4817,1.8254,1.0000,42.0360,0.6229,0.2092,0.0000
mad_communication,mad:training/162_13,ywl3QETXf9s,9.0000,r7,ref_zero,3.1486,2.6872,2.3412,0.0057,1.4956,0.0000,0.0000,0.0000
mad_communication,mad:training/162_13,ywl3QETXf9s,9.0000,raw,mono,3.4789,2.5425,2.4748,0.0000,0.0000,nan,nan,nan
mad_communication,mad:training/164_12,training/164,3.0417,gtcrn_pretrained,mono,2.5538,2.3054,1.5426,0.0199,4.6778,nan,nan,nan
mad_communication,mad:training/164_12,training/164,3.0417,r7,ref_dup,2.5444,3.3121,1.9160,1.0000,42.3327,0.8750,0.0677,0.0000
mad_communication,mad:training/164_12,training/164,3.0417,r7,ref_zero,2.6182,2.2401,1.5552,0.0066,3.6861,0.0000,0.0000,0.0000
mad_communication,mad:training/164_12,training/164,3.0417,raw,mono,1.2582,1.1792,1.1344,0.0000,0.0000,nan,nan,nan
mad_communication,mad:training/165_7,phwpf_vm0ks,3.0186,gtcrn_pretrained,mono,1.9823,3.6267,1.7786,0.0833,7.5068,nan,nan,nan
mad_communication,mad:training/165_7,phwpf_vm0ks,3.0186,r7,ref_dup,2.6901,3.9580,2.1557,1.0000,46.0201,0.6965,0.2211,0.1000
mad_communication,mad:training/165_7,phwpf_vm0ks,3.0186,r7,ref_zero,1.7621,2.4533,1.5572,0.0000,0.6324,0.0000,0.0000,0.0000
mad_communication,mad:training/165_7,phwpf_vm0ks,3.0186,raw,mono,1.6500,1.8880,1.4119,0.0000,0.0000,nan,nan,nan
mad_communication,mad:training/166_1,training/166,2.0201,gtcrn_pretrained,mono,2.7283,3.7054,2.4195,0.1386,6.4420,nan,nan,nan
mad_communication,mad:training/166_1,training/166,2.0201,r7,ref_dup,2.4472,3.4549,1.8712,1.0000,40.3659,0.7565,0.1328,0.0000
mad_communication,mad:training/166_1,training/166,2.0201,r7,ref_zero,2.4513,2.9035,1.9276,0.0495,3.8902,0.0000,0.0000,0.0000
mad_communication,mad:training/166_1,training/166,2.0201,raw,mono,1.2610,1.0930,1.1322,0.0000,0.0000,nan,nan,nan
mad_communication,mad:training/167_12,JAJW66OWh-Y,4.0356,gtcrn_pretrained,mono,1.9718,3.5196,1.7479,0.1244,8.3403,nan,nan,nan
mad_communication,mad:training/167_12,JAJW66OWh-Y,4.0356,r7,ref_dup,2.6621,3.6796,2.0413,1.0000,37.2221,1.0000,0.0000,0.0000
mad_communication,mad:training/167_12,JAJW66OWh-Y,4.0356,r7,ref_zero,1.9101,3.3030,1.6596,0.0945,6.8673,0.0000,0.0000,0.0000
mad_communication,mad:training/167_12,JAJW66OWh-Y,4.0356,raw,mono,1.1878,1.1674,1.0857,0.0000,0.0000,nan,nan,nan
mad_communication,mad:training/168_28,4PEKmTKl11A,3.0000,gtcrn_pretrained,mono,2.4542,3.8361,2.0884,0.2400,13.3159,nan,nan,nan
mad_communication,mad:training/168_28,4PEKmTKl11A,3.0000,r7,ref_dup,2.5675,3.7793,1.9551,1.0000,34.9168,0.9233,0.0476,0.0000
mad_communication,mad:training/168_28,4PEKmTKl11A,3.0000,r7,ref_zero,2.3543,3.1290,1.8118,0.1933,11.0084,0.0000,0.0000,0.0000
mad_communication,mad:training/168_28,4PEKmTKl11A,3.0000,raw,mono,1.2163,1.1709,1.0827,0.0000,0.0000,nan,nan,nan
mad_communication,mad:training/169_52,dA1JuqOdS1U,5.0000,gtcrn_pretrained,mono,2.9976,3.7876,2.6568,0.1120,5.6742,nan,nan,nan
mad_communication,mad:training/169_52,dA1JuqOdS1U,5.0000,r7,ref_dup,2.3250,3.7740,1.8675,1.0000,44.8490,0.6614,0.1720,0.0000
mad_communication,mad:training/169_52,dA1JuqOdS1U,5.0000,r7,ref_zero,2.9971,2.9872,2.3044,0.0680,4.7252,0.0000,0.0000,0.0000
mad_communication,mad:training/169_52,dA1JuqOdS1U,5.0000,raw,mono,3.4522,1.9367,2.1052,0.0000,0.0000,nan,nan,nan
mad_communication,mad:training/171_0,g22J4_nXGjI,9.0279,gtcrn_pretrained,mono,2.3080,3.6158,2.0415,0.2106,11.9318,nan,nan,nan
mad_communication,mad:training/171_0,g22J4_nXGjI,9.0279,r7,ref_dup,2.3709,3.6702,1.8903,1.0000,42.3080,0.8927,0.0512,0.0000
mad_communication,mad:training/171_0,g22J4_nXGjI,9.0279,r7,ref_zero,2.5431,2.6881,1.9471,0.0754,6.2521,0.0000,0.0000,0.0000
mad_communication,mad:training/171_0,g22J4_nXGjI,9.0279,raw,mono,3.3150,1.8196,1.8474,0.0000,0.0000,nan,nan,nan
mad_communication,mad:training/173_8,TAmvdbjQR7k,6.0108,gtcrn_pretrained,mono,2.2100,3.5793,1.9442,0.2600,14.0161,nan,nan,nan
mad_communication,mad:training/173_8,TAmvdbjQR7k,6.0108,r7,ref_dup,2.4605,3.5751,1.9040,1.0000,43.5282,0.9721,0.0133,0.0000
mad_communication,mad:training/173_8,TAmvdbjQR7k,6.0108,r7,ref_zero,2.1261,3.0530,1.7837,0.1767,9.0451,0.0000,0.0000,0.0000
mad_communication,mad:training/173_8,TAmvdbjQR7k,6.0108,raw,mono,1.2756,1.1903,1.1432,0.0000,0.0000,nan,nan,nan
mad_communication,mad:training/177_13,qEALr2gytdo,4.0000,gtcrn_pretrained,mono,2.7085,3.9142,2.4381,0.3350,16.8522,nan,nan,nan
mad_communication,mad:training/177_13,qEALr2gytdo,4.0000,r7,ref_dup,2.7447,3.8128,2.0964,1.0000,43.5823,0.8825,0.0518,0.0000
mad_communication,mad:training/177_13,qEALr2gytdo,4.0000,r7,ref_zero,2.4688,3.3457,2.0502,0.2650,12.4239,0.0000,0.0000,0.0000
mad_communication,mad:training/177_13,qEALr2gytdo,4.0000,raw,mono,2.5916,1.7566,1.6607,0.0000,0.0000,nan,nan,nan
mad_communication,mad:training/178_19,iQ0YtEUDPSo,4.0170,gtcrn_pretrained,mono,2.3537,4.0304,1.9641,0.5200,18.5728,nan,nan,nan
mad_communication,mad:training/178_19,iQ0YtEUDPSo,4.0170,r7,ref_dup,2.7532,3.9397,2.1857,0.4350,23.2817,0.7727,0.1265,0.0040
mad_communication,mad:training/178_19,iQ0YtEUDPSo,4.0170,r7,ref_zero,2.1651,3.6447,1.7089,0.0000,2.1891,0.0000,0.0000,0.0000
mad_communication,mad:training/178_19,iQ0YtEUDPSo,4.0170,raw,mono,2.1089,2.9995,1.5245,0.0000,0.0000,nan,nan,nan
mad_communication,mad:training/179_7,MHMkTwqtCaQ,3.0387,gtcrn_pretrained,mono,2.5055,3.9165,2.2551,0.1325,8.5208,nan,nan,nan
mad_communication,mad:training/179_7,MHMkTwqtCaQ,3.0387,r7,ref_dup,2.5879,3.7947,2.0893,1.0000,35.3770,0.8194,0.0942,0.0000
mad_communication,mad:training/179_7,MHMkTwqtCaQ,3.0387,r7,ref_zero,2.4357,3.8516,2.2252,0.0132,4.1112,0.0000,0.0000,0.0000
mad_communication,mad:training/179_7,MHMkTwqtCaQ,3.0387,raw,mono,2.6280,2.9815,2.1051,0.0000,0.0000,nan,nan,nan
mad_communication,mad:training/180_9,j5hqj2rBf2U,3.0000,gtcrn_pretrained,mono,3.1627,4.0359,2.8843,0.1176,5.9525,nan,nan,nan
mad_communication,mad:training/180_9,j5hqj2rBf2U,3.0000,r7,ref_dup,2.6032,3.8360,2.0884,1.0000,45.5935,0.6733,0.2751,0.1852
mad_communication,mad:training/180_9,j5hqj2rBf2U,3.0000,r7,ref_zero,2.8754,3.5665,2.4549,0.1176,6.2984,0.0000,0.0000,0.0000
mad_communication,mad:training/180_9,j5hqj2rBf2U,3.0000,raw,mono,3.1919,3.5896,2.7657,0.0000,0.0000,nan,nan,nan
mad_communication,mad:training/181_10,HavEuTLprbE,7.0108,gtcrn_pretrained,mono,2.0035,3.2362,1.6963,0.4057,18.8286,nan,nan,nan
mad_communication,mad:training/181_10,HavEuTLprbE,7.0108,r7,ref_dup,2.6010,3.6462,2.0364,1.0000,42.1815,0.9119,0.0409,0.0000
mad_communication,mad:training/181_10,HavEuTLprbE,7.0108,r7,ref_zero,2.5914,2.3459,1.7804,0.1571,7.8031,0.0000,0.0000,0.0000
mad_communication,mad:training/181_10,HavEuTLprbE,7.0108,raw,mono,1.1931,1.1475,1.0951,0.0000,0.0000,nan,nan,nan
mad_communication,mad:training/182_18,lUXvsMukQbI,3.0186,gtcrn_pretrained,mono,2.3129,3.7895,1.9751,0.3867,16.7831,nan,nan,nan
mad_communication,mad:training/182_18,lUXvsMukQbI,3.0186,r7,ref_dup,2.6071,3.8543,2.0167,1.0000,34.7208,1.0000,0.0000,0.0000
mad_communication,mad:training/182_18,lUXvsMukQbI,3.0186,r7,ref_zero,2.6760,2.9861,2.0041,0.0000,2.6181,0.0000,0.0000,0.0000
mad_communication,mad:training/182_18,lUXvsMukQbI,3.0186,raw,mono,2.9455,2.8938,2.1908,0.0000,0.0000,nan,nan,nan
mad_communication,mad:training/183_7,5F9BKowe5x0,4.0000,gtcrn_pretrained,mono,1.7443,3.4402,1.4764,0.4800,21.1615,nan,nan,nan
mad_communication,mad:training/183_7,5F9BKowe5x0,4.0000,r7,ref_dup,2.5471,3.7185,1.9757,1.0000,36.6446,0.8406,0.0717,0.0000
mad_communication,mad:training/183_7,5F9BKowe5x0,4.0000,r7,ref_zero,1.8544,2.5928,1.4014,0.1750,9.5442,0.0000,0.0000,0.0000
mad_communication,mad:training/183_7,5F9BKowe5x0,4.0000,raw,mono,1.1907,1.1503,1.0943,0.0000,0.0000,nan,nan,nan
mad_communication,mad:training/184_16,Xv0YG8kX69k,9.0093,gtcrn_pretrained,mono,2.6511,3.4707,2.1648,0.1022,7.3552,nan,nan,nan
mad_communication,mad:training/184_16,Xv0YG8kX69k,9.0093,r7,ref_dup,2.7276,3.8345,2.0955,1.0000,39.2563,0.8593,0.0726,0.0000
mad_communication,mad:training/184_16,Xv0YG8kX69k,9.0093,r7,ref_zero,2.9411,2.8558,2.1796,0.0156,4.4896,0.0000,0.0000,0.0000
mad_communication,mad:training/184_16,Xv0YG8kX69k,9.0093,raw,mono,2.0897,1.5907,1.4614,0.0000,0.0000,nan,nan,nan
mad_communication,mad:training/185_19,PWscEN2l8dE,5.0154,gtcrn_pretrained,mono,2.7309,3.9844,2.3983,0.4131,15.8622,nan,nan,nan
mad_communication,mad:training/185_19,PWscEN2l8dE,5.0154,r7,ref_dup,2.7088,3.9725,2.1151,1.0000,37.4592,0.5421,0.2794,0.0032
mad_communication,mad:training/185_19,PWscEN2l8dE,5.0154,r7,ref_zero,2.5568,3.1981,1.9938,0.0094,4.1969,0.0000,0.0000,0.0000
mad_communication,mad:training/185_19,PWscEN2l8dE,5.0154,raw,mono,2.8017,2.9087,2.1220,0.0000,0.0000,nan,nan,nan
mad_communication,mad:training/186_11,GjT9m2i4bUg,6.0371,gtcrn_pretrained,mono,2.3743,3.7012,2.0017,0.3704,14.3253,nan,nan,nan
mad_communication,mad:training/186_11,GjT9m2i4bUg,6.0371,r7,ref_dup,2.6322,3.8612,2.0472,0.9963,36.4111,0.8879,0.0686,0.0237
mad_communication,mad:training/186_11,GjT9m2i4bUg,6.0371,r7,ref_zero,2.2605,2.7753,1.6918,0.0000,4.0660,0.0000,0.0000,0.0000
mad_communication,mad:training/186_11,GjT9m2i4bUg,6.0371,raw,mono,1.4313,1.3963,1.1857,0.0000,0.0000,nan,nan,nan
mad_communication,mad:training/187_0,Oady_OaLZ1g,4.0000,gtcrn_pretrained,mono,2.9136,3.8650,2.5914,0.0984,5.7694,nan,nan,nan
mad_communication,mad:training/187_0,Oady_OaLZ1g,4.0000,r7,ref_dup,2.3808,3.7187,1.8902,1.0000,40.4040,0.8048,0.1076,0.0040
mad_communication,mad:training/187_0,Oady_OaLZ1g,4.0000,r7,ref_zero,3.0781,3.3744,2.5097,0.0546,4.2417,0.0000,0.0000,0.0000
mad_communication,mad:training/187_0,Oady_OaLZ1g,4.0000,raw,mono,3.4459,2.3859,2.3158,0.0000,0.0000,nan,nan,nan
mad_communication,mad:training/188_24,3NUTWPo4_Ws,9.0000,gtcrn_pretrained,mono,2.9930,4.0429,2.6315,0.2971,10.8991,nan,nan,nan
mad_communication,mad:training/188_24,3NUTWPo4_Ws,9.0000,r7,ref_dup,2.6588,3.9344,2.1375,0.9976,35.4106,0.7639,0.1454,0.0319
mad_communication,mad:training/188_24,3NUTWPo4_Ws,9.0000,r7,ref_zero,3.0933,3.1209,2.3469,0.0072,4.5942,0.0000,0.0000,0.0000
mad_communication,mad:training/188_24,3NUTWPo4_Ws,9.0000,raw,mono,3.1512,3.1558,2.4428,0.0000,0.0000,nan,nan,nan
mad_communication,mad:training/189_0,qnPsNNYFl30,2.0000,gtcrn_pretrained,mono,3.0525,3.9870,2.6914,0.4000,14.2459,nan,nan,nan
mad_communication,mad:training/189_0,qnPsNNYFl30,2.0000,r7,ref_dup,2.7051,3.6483,2.0393,1.0000,35.1228,0.8333,0.1032,0.0000
mad_communication,mad:training/189_0,qnPsNNYFl30,2.0000,r7,ref_zero,2.5351,3.2955,2.0229,0.1100,7.5188,0.0000,0.0000,0.0000
mad_communication,mad:training/189_0,qnPsNNYFl30,2.0000,raw,mono,2.2398,2.0955,1.8236,0.0000,0.0000,nan,nan,nan
mad_communication,mad:training/203_0,NxM8RDkoLms,2.0000,gtcrn_pretrained,mono,2.0800,3.7344,1.8622,0.5600,21.5927,nan,nan,nan
mad_communication,mad:training/203_0,NxM8RDkoLms,2.0000,r7,ref_dup,2.5924,3.7305,2.0533,1.0000,38.5670,0.8459,0.1032,0.0000
mad_communication,mad:training/203_0,NxM8RDkoLms,2.0000,r7,ref_zero,2.1256,3.7959,1.8897,0.5200,17.8514,0.0000,0.0000,0.0000
mad_communication,mad:training/203_0,NxM8RDkoLms,2.0000,raw,mono,2.2783,2.2087,1.6839,0.0000,0.0000,nan,nan,nan
mad_communication,mad:training/211_3,cvPBi-61irw,3.0000,gtcrn_pretrained,mono,2.9573,3.4627,2.4934,0.3540,15.5970,nan,nan,nan
mad_communication,mad:training/211_3,cvPBi-61irw,3.0000,r7,ref_dup,2.2031,3.5572,1.8201,1.0000,47.3292,0.5150,0.1640,0.0000
mad_communication,mad:training/211_3,cvPBi-61irw,3.0000,r7,ref_zero,3.1331,2.8818,2.3822,0.2478,9.8096,0.0000,0.0000,0.0000
mad_communication,mad:training/211_3,cvPBi-61irw,3.0000,raw,mono,3.5300,1.7618,2.1032,0.0000,0.0000,nan,nan,nan
mad_communication,mad:training/213_9,FX-sf0UcJRI,4.0000,gtcrn_pretrained,mono,3.0604,3.8912,2.7539,0.1900,9.8253,nan,nan,nan
mad_communication,mad:training/213_9,FX-sf0UcJRI,4.0000,r7,ref_dup,2.4483,3.7011,1.8354,1.0000,42.2721,0.5946,0.2191,0.0000
mad_communication,mad:training/213_9,FX-sf0UcJRI,4.0000,r7,ref_zero,2.9329,3.4552,2.4911,0.1500,6.9278,0.0000,0.0000,0.0000
mad_communication,mad:training/213_9,FX-sf0UcJRI,4.0000,raw,mono,3.4604,2.2934,2.3289,0.0000,0.0000,nan,nan,nan
mad_communication,mad:training/223_11,vj3rcOBhqt8,4.0000,gtcrn_pretrained,mono,2.3439,2.6453,1.6934,0.1750,11.4746,nan,nan,nan
mad_communication,mad:training/223_11,vj3rcOBhqt8,4.0000,r7,ref_dup,2.0057,2.8991,1.5365,1.0000,49.2975,0.7792,0.0996,0.0000
mad_communication,mad:training/223_11,vj3rcOBhqt8,4.0000,r7,ref_zero,2.8140,1.8781,1.5689,0.1550,10.4132,0.0000,0.0000,0.0000
mad_communication,mad:training/223_11,vj3rcOBhqt8,4.0000,raw,mono,3.2694,1.4530,1.7253,0.0000,0.0000,nan,nan,nan
mad_communication,mad:training/224_1,m5cG_iZbOOM,5.0000,gtcrn_pretrained,mono,2.7679,3.9641,2.5061,0.3400,14.5345,nan,nan,nan
mad_communication,mad:training/224_1,m5cG_iZbOOM,5.0000,r7,ref_dup,2.6345,3.7807,2.0877,1.0000,40.2998,0.6733,0.1847,0.0159
mad_communication,mad:training/224_1,m5cG_iZbOOM,5.0000,r7,ref_zero,2.6184,3.3010,2.1919,0.0667,4.4951,0.0000,0.0000,0.0000
mad_communication,mad:training/224_1,m5cG_iZbOOM,5.0000,raw,mono,1.1761,1.1652,1.1228,0.0000,0.0000,nan,nan,nan
mad_communication,mad:training/225_4,h4J4iKhLgbk,2.0000,gtcrn_pretrained,mono,2.9649,3.8387,2.6217,0.1700,7.3024,nan,nan,nan
mad_communication,mad:training/225_4,h4J4iKhLgbk,2.0000,r7,ref_dup,2.5675,3.8057,2.0141,1.0000,38.6640,0.5675,0.2381,0.0000
mad_communication,mad:training/225_4,h4J4iKhLgbk,2.0000,r7,ref_zero,2.7750,3.4174,2.3168,0.0700,5.1062,0.0000,0.0000,0.0000
mad_communication,mad:training/225_4,h4J4iKhLgbk,2.0000,raw,mono,2.3496,1.4989,1.5124,0.0000,0.0000,nan,nan,nan
mad_communication,mad:training/230_6,GogYTMoWbbk,2.0000,gtcrn_pretrained,mono,1.9518,3.2940,1.6778,0.1000,7.4564,nan,nan,nan
mad_communication,mad:training/230_6,GogYTMoWbbk,2.0000,r7,ref_dup,1.8135,3.3444,1.5119,1.0000,47.3106,0.5608,0.1667,0.0000
mad_communication,mad:training/230_6,GogYTMoWbbk,2.0000,r7,ref_zero,2.2535,1.9447,1.4098,0.0700,7.1216,0.0000,0.0000,0.0000
mad_communication,mad:training/230_6,GogYTMoWbbk,2.0000,raw,mono,2.7729,1.7228,1.5409,0.0000,0.0000,nan,nan,nan
mad_communication,mad:training/231_6,DJJzzdxtnro,7.0000,gtcrn_pretrained,mono,1.9580,2.6077,1.5290,0.0933,8.6352,nan,nan,nan
mad_communication,mad:training/231_6,DJJzzdxtnro,7.0000,r7,ref_dup,2.4686,3.6621,1.9147,1.0000,47.8814,0.9066,0.0569,0.0159
mad_communication,mad:training/231_6,DJJzzdxtnro,7.0000,r7,ref_zero,2.5511,2.1085,1.6238,0.0321,5.3477,0.0000,0.0000,0.0000
mad_communication,mad:training/231_6,DJJzzdxtnro,7.0000,raw,mono,2.3562,2.1944,1.6143,0.0000,0.0000,nan,nan,nan
mad_communication,mad:training/232_6,qHZ3mPNxF_w,2.0000,gtcrn_pretrained,mono,2.2331,3.6575,1.9582,0.1746,6.9753,nan,nan,nan
mad_communication,mad:training/232_6,qHZ3mPNxF_w,2.0000,r7,ref_dup,2.7364,3.8904,2.1345,1.0000,44.7029,0.6349,0.2778,0.1825
mad_communication,mad:training/232_6,qHZ3mPNxF_w,2.0000,r7,ref_zero,2.4527,3.1303,1.9271,0.0000,1.2793,0.0000,0.0000,0.0000
mad_communication,mad:training/232_6,qHZ3mPNxF_w,2.0000,raw,mono,1.5728,1.5642,1.2551,0.0000,0.0000,nan,nan,nan
mad_communication,mad:training/233_44,abubtv-3wZ0,7.0000,gtcrn_pretrained,mono,2.8024,4.0236,2.5533,0.6314,28.1288,nan,nan,nan
mad_communication,mad:training/233_44,abubtv-3wZ0,7.0000,r7,ref_dup,2.7339,3.8630,2.1210,1.0000,38.9880,0.8872,0.0501,0.0000
mad_communication,mad:training/233_44,abubtv-3wZ0,7.0000,r7,ref_zero,2.5362,3.6991,2.2301,0.4257,16.5755,0.0000,0.0000,0.0000
mad_communication,mad:training/233_44,abubtv-3wZ0,7.0000,raw,mono,2.7849,2.2777,1.9836,0.0000,0.0000,nan,nan,nan
mad_communication,mad:training/237_1,_r4Yo-LbPjg,7.0000,gtcrn_pretrained,mono,3.0394,3.9756,2.7752,0.1491,7.1394,nan,nan,nan
mad_communication,mad:training/237_1,_r4Yo-LbPjg,7.0000,r7,ref_dup,2.1450,3.4405,1.6938,1.0000,39.9153,0.5380,0.2574,0.0000
mad_communication,mad:training/237_1,_r4Yo-LbPjg,7.0000,r7,ref_zero,2.7161,3.6816,2.3955,0.0994,5.3101,0.0000,0.0000,0.0000
mad_communication,mad:training/237_1,_r4Yo-LbPjg,7.0000,raw,mono,3.2422,2.1569,2.1490,0.0000,0.0000,nan,nan,nan
mad_communication,mad:training/243_18,DsU74ubgHMQ,2.0000,gtcrn_pretrained,mono,2.6937,3.2727,2.1575,0.0900,5.2780,nan,nan,nan
mad_communication,mad:training/243_18,DsU74ubgHMQ,2.0000,r7,ref_dup,2.3557,3.2922,1.7976,1.0000,49.1611,1.0000,0.0000,0.0000
mad_communication,mad:training/243_18,DsU74ubgHMQ,2.0000,r7,ref_zero,2.7464,2.1580,1.8232,0.0600,3.6310,0.0000,0.0000,0.0000
mad_communication,mad:training/243_18,DsU74ubgHMQ,2.0000,raw,mono,3.1370,1.4933,1.6625,0.0000,0.0000,nan,nan,nan
mad_communication,mad:training/244_43,pJ4nLxpp7io,4.0000,gtcrn_pretrained,mono,2.5910,4.0654,2.3608,0.1959,9.1413,nan,nan,nan
mad_communication,mad:training/244_43,pJ4nLxpp7io,4.0000,r7,ref_dup,2.5320,3.9327,2.0149,1.0000,39.7193,0.4479,0.3785,0.0319
mad_communication,mad:training/244_43,pJ4nLxpp7io,4.0000,r7,ref_zero,2.5234,3.1180,1.9223,0.0515,3.5758,0.0000,0.0000,0.0000
mad_communication,mad:training/244_43,pJ4nLxpp7io,4.0000,raw,mono,2.6817,2.0825,1.8238,0.0000,0.0000,nan,nan,nan
mad_communication,mad:training/246_6,0M0eOGobAos,3.0000,gtcrn_pretrained,mono,2.1962,3.7919,1.9594,0.4333,16.6209,nan,nan,nan
mad_communication,mad:training/246_6,0M0eOGobAos,3.0000,r7,ref_dup,2.5648,3.5399,1.9494,1.0000,43.3374,0.7937,0.0899,0.0000
mad_communication,mad:training/246_6,0M0eOGobAos,3.0000,r7,ref_zero,2.2027,3.1940,1.7976,0.2733,11.4683,0.0000,0.0000,0.0000
mad_communication,mad:training/246_6,0M0eOGobAos,3.0000,raw,mono,2.2673,1.6276,1.4550,0.0000,0.0000,nan,nan,nan
mad_communication,mad:training/248_11,2oyPGVoryaY,5.0000,gtcrn_pretrained,mono,2.2339,3.1374,1.8717,0.2040,12.6876,nan,nan,nan
mad_communication,mad:training/248_11,2oyPGVoryaY,5.0000,r7,ref_dup,2.4000,3.2467,1.8277,1.0000,45.4198,0.8694,0.0605,0.0000
mad_communication,mad:training/248_11,2oyPGVoryaY,5.0000,r7,ref_zero,2.2041,1.4808,1.3451,0.0360,5.5191,0.0000,0.0000,0.0000
mad_communication,mad:training/248_11,2oyPGVoryaY,5.0000,raw,mono,1.2027,1.1370,1.0898,0.0000,0.0000,nan,nan,nan
mad_communication,mad:training/249_7,3orkL84sGIs,7.0000,gtcrn_pretrained,mono,3.0263,3.8328,2.6895,0.5257,25.1975,nan,nan,nan
mad_communication,mad:training/249_7,3orkL84sGIs,7.0000,r7,ref_dup,2.2417,3.6259,1.7611,1.0000,48.4924,1.0000,0.0000,0.0000
mad_communication,mad:training/249_7,3orkL84sGIs,7.0000,r7,ref_zero,3.0270,3.6905,2.6406,0.4800,18.0579,0.0000,0.0000,0.0000
mad_communication,mad:training/249_7,3orkL84sGIs,7.0000,raw,mono,1.3530,1.2089,1.1681,0.0000,0.0000,nan,nan,nan
mad_communication,mad:training/253_22,KxN50GNWOCQ,3.0000,gtcrn_pretrained,mono,2.4511,3.7652,2.1281,0.0630,5.4372,nan,nan,nan
mad_communication,mad:training/253_22,KxN50GNWOCQ,3.0000,r7,ref_dup,2.5706,3.8384,1.9816,1.0000,37.3602,0.6521,0.2063,0.0106
mad_communication,mad:training/253_22,KxN50GNWOCQ,3.0000,r7,ref_zero,2.5608,3.6686,2.1852,0.0000,1.3520,0.0000,0.0000,0.0000
mad_communication,mad:training/253_22,KxN50GNWOCQ,3.0000,raw,mono,2.6878,3.3623,2.1709,0.0000,0.0000,nan,nan,nan
mad_communication,mad:training/254_10,NK_lQl2-j1A,10.0000,gtcrn_pretrained,mono,2.6068,4.0756,2.4333,0.2900,14.6179,nan,nan,nan
mad_communication,mad:training/254_10,NK_lQl2-j1A,10.0000,r7,ref_dup,2.5409,3.4887,1.9721,1.0000,36.9128,0.8978,0.0495,0.0000
mad_communication,mad:training/254_10,NK_lQl2-j1A,10.0000,r7,ref_zero,2.3873,3.5297,2.0899,0.1780,10.2624,0.0000,0.0000,0.0000
mad_communication,mad:training/254_10,NK_lQl2-j1A,10.0000,raw,mono,2.4402,1.8393,1.7352,0.0000,0.0000,nan,nan,nan
mad_communication,mad:training/255_16,agbBksKN52E,5.0000,gtcrn_pretrained,mono,1.8003,3.7171,1.4716,0.8760,36.1369,nan,nan,nan
mad_communication,mad:training/255_16,agbBksKN52E,5.0000,r7,ref_dup,2.6989,3.6132,2.0547,1.0000,44.4119,1.0000,0.0000,0.0000
mad_communication,mad:training/255_16,agbBksKN52E,5.0000,r7,ref_zero,1.6717,2.9592,1.3459,0.9160,32.1286,0.0000,0.0000,0.0000
mad_communication,mad:training/255_16,agbBksKN52E,5.0000,raw,mono,1.1588,1.1223,1.0955,0.0000,0.0000,nan,nan,nan
mad_communication,mad:training/260_5,a2gwUGtaGT8,8.0000,gtcrn_pretrained,mono,3.1838,3.8622,2.8294,0.4000,17.8097,nan,nan,nan
mad_communication,mad:training/260_5,a2gwUGtaGT8,8.0000,r7,ref_dup,2.4601,3.7818,1.9765,1.0000,39.5643,0.7746,0.1158,0.0060
mad_communication,mad:training/260_5,a2gwUGtaGT8,8.0000,r7,ref_zero,3.1722,3.0823,2.5057,0.3132,12.0364,0.0000,0.0000,0.0000
mad_communication,mad:training/260_5,a2gwUGtaGT8,8.0000,raw,mono,3.4975,2.6869,2.5349,0.0000,0.0000,nan,nan,nan
mad_communication,mad:training/261_4,--QG9dLN6f4,3.0000,gtcrn_pretrained,mono,2.1887,3.8089,1.9305,0.1628,7.7487,nan,nan,nan
mad_communication,mad:training/261_4,--QG9dLN6f4,3.0000,r7,ref_dup,2.5138,3.8708,2.0399,1.0000,50.2043,0.3571,0.6138,0.5873
mad_communication,mad:training/261_4,--QG9dLN6f4,3.0000,r7,ref_zero,2.2156,3.5451,1.8270,0.0000,3.8978,0.3519,0.0000,0.0000
mad_communication,mad:training/261_4,--QG9dLN6f4,3.0000,raw,mono,2.3929,2.8259,1.8133,0.0000,0.0000,nan,nan,nan
mad_communication,mad:training/262_12,v_yOX-5rdWY,5.0000,gtcrn_pretrained,mono,2.8591,3.3245,2.2938,0.0962,5.8184,nan,nan,nan
mad_communication,mad:training/262_12,v_yOX-5rdWY,5.0000,r7,ref_dup,2.5223,3.6101,1.9521,1.0000,36.4763,0.6460,0.1879,0.0000
mad_communication,mad:training/262_12,v_yOX-5rdWY,5.0000,r7,ref_zero,2.9058,2.7458,2.0968,0.0000,2.2227,0.0000,0.0000,0.0000
mad_communication,mad:training/262_12,v_yOX-5rdWY,5.0000,raw,mono,1.8886,1.4495,1.3771,0.0000,0.0000,nan,nan,nan
mad_communication,mad:training/269_4,uctRYVWEDFI,8.0000,gtcrn_pretrained,mono,2.3579,3.9284,1.9181,0.6375,25.8867,nan,nan,nan
mad_communication,mad:training/269_4,uctRYVWEDFI,8.0000,r7,ref_dup,2.7561,3.9476,2.1634,1.0000,34.1538,0.9067,0.0459,0.0040
mad_communication,mad:training/269_4,uctRYVWEDFI,8.0000,r7,ref_zero,2.0897,2.8644,1.3908,0.0675,9.3842,0.0000,0.0000,0.0000
mad_communication,mad:training/269_4,uctRYVWEDFI,8.0000,raw,mono,1.1330,1.2771,0.8668,0.0000,0.0000,nan,nan,nan
mad_communication,mad:training/277_7,xg4G6XIkrw8,4.0000,gtcrn_pretrained,mono,2.7646,3.8710,2.4949,0.5506,27.8506,nan,nan,nan
mad_communication,mad:training/277_7,xg4G6XIkrw8,4.0000,r7,ref_dup,2.4955,3.6620,1.8768,1.0000,46.2698,0.8828,0.0717,0.0000
mad_communication,mad:training/277_7,xg4G6XIkrw8,4.0000,r7,ref_zero,2.2945,3.0732,1.8824,0.2978,13.8410,0.0000,0.0000,0.0000
mad_communication,mad:training/277_7,xg4G6XIkrw8,4.0000,raw,mono,2.7544,2.0366,1.9569,0.0000,0.0000,nan,nan,nan
mad_communication,mad:training/278_1,QvfBIagtg8M,8.0000,gtcrn_pretrained,mono,2.3082,3.8791,1.8394,0.3250,14.4007,nan,nan,nan
mad_communication,mad:training/278_1,QvfBIagtg8M,8.0000,r7,ref_dup,2.7910,4.0047,2.1815,0.9975,31.7026,0.9810,0.0080,0.0000
mad_communication,mad:training/278_1,QvfBIagtg8M,8.0000,r7,ref_zero,2.3510,2.6943,1.6014,0.0000,2.2890,0.0000,0.0000,0.0000
mad_communication,mad:training/278_1,QvfBIagtg8M,8.0000,raw,mono,2.0666,2.2435,1.2701,0.0000,0.0000,nan,nan,nan
mad_communication,mad:training/293_6,ZGhYiNTJUdc,7.0000,gtcrn_pretrained,mono,3.0868,3.8883,2.6503,0.3229,11.7204,nan,nan,nan
mad_communication,mad:training/293_6,ZGhYiNTJUdc,7.0000,r7,ref_dup,2.7172,3.8958,2.1358,0.9771,33.8971,0.7826,0.1093,0.0000
mad_communication,mad:training/293_6,ZGhYiNTJUdc,7.0000,r7,ref_zero,3.1914,3.4958,2.5837,0.0029,4.5162,0.0000,0.0000,0.0000
mad_communication,mad:training/293_6,ZGhYiNTJUdc,7.0000,raw,mono,3.2020,3.4002,2.5638,0.0000,0.0000,nan,nan,nan
mad_communication,mad:training/297_0,O1pwEykAc1w,4.0000,gtcrn_pretrained,mono,2.6898,4.0588,2.2096,0.3450,14.7098,nan,nan,nan
mad_communication,mad:training/297_0,O1pwEykAc1w,4.0000,r7,ref_dup,2.7629,3.9757,2.1802,1.0000,34.4577,1.0000,0.0000,0.0000
mad_communication,mad:training/297_0,O1pwEykAc1w,4.0000,r7,ref_zero,2.6430,3.3207,1.9797,0.0000,3.2674,0.0000,0.0000,0.0000
mad_communication,mad:training/297_0,O1pwEykAc1w,4.0000,raw,mono,2.5329,2.6944,1.8053,0.0000,0.0000,nan,nan,nan
mad_communication,mad:training/302_4,dO7fRwSnoBc,4.0000,gtcrn_pretrained,mono,3.1562,3.9376,2.8422,0.2050,10.0585,nan,nan,nan
mad_communication,mad:training/302_4,dO7fRwSnoBc,4.0000,r7,ref_dup,2.5009,3.3127,1.9030,1.0000,42.5845,1.0000,0.0000,0.0000
mad_communication,mad:training/302_4,dO7fRwSnoBc,4.0000,r7,ref_zero,3.3559,2.6737,2.3723,0.0650,6.0844,0.0000,0.0000,0.0000
mad_communication,mad:training/302_4,dO7fRwSnoBc,4.0000,raw,mono,2.2789,1.3902,1.4504,0.0000,0.0000,nan,nan,nan
mad_communication,mad:training/305_1,dspmzT5tBhM,3.0000,gtcrn_pretrained,mono,2.4723,3.4105,2.1225,0.2733,14.1411,nan,nan,nan
mad_communication,mad:training/305_1,dspmzT5tBhM,3.0000,r7,ref_dup,2.4879,3.6415,1.9143,1.0000,46.2306,0.7209,0.1429,0.0000
mad_communication,mad:training/305_1,dspmzT5tBhM,3.0000,r7,ref_zero,2.3468,3.4295,2.0380,0.2867,12.4801,0.0000,0.0000,0.0000
mad_communication,mad:training/305_1,dspmzT5tBhM,3.0000,raw,mono,1.2276,1.1938,1.1446,0.0000,0.0000,nan,nan,nan
mad_communication,mad:training/315_7,ztTY9hp9zqM,10.0000,gtcrn_pretrained,mono,3.4776,3.9886,3.1344,0.1020,5.7438,nan,nan,nan
mad_communication,mad:training/315_7,ztTY9hp9zqM,10.0000,r7,ref_dup,2.6191,3.7596,1.9968,1.0000,39.6561,0.4677,0.3147,0.0000
mad_communication,mad:training/315_7,ztTY9hp9zqM,10.0000,r7,ref_zero,3.4948,2.9839,2.6472,0.0174,2.3648,0.0000,0.0000,0.0000
mad_communication,mad:training/315_7,ztTY9hp9zqM,10.0000,raw,mono,3.5656,2.6872,2.5489,0.0000,0.0000,nan,nan,nan
mad_communication,mad:training/316_0,AE-Fh6acAtA,7.0000,gtcrn_pretrained,mono,2.3183,3.8896,1.9120,0.2457,12.3033,nan,nan,nan
mad_communication,mad:training/316_0,AE-Fh6acAtA,7.0000,r7,ref_dup,2.7266,3.8880,2.1570,1.0000,34.0765,0.8493,0.0774,0.0046
mad_communication,mad:training/316_0,AE-Fh6acAtA,7.0000,r7,ref_zero,2.6010,3.2853,1.9614,0.0057,3.9041,0.0000,0.0000,0.0000
mad_communication,mad:training/316_0,AE-Fh6acAtA,7.0000,raw,mono,2.2556,2.2057,1.7311,0.0000,0.0000,nan,nan,nan
mad_communication,mad:training/317_1,ZxTJVpUlwZc,6.0000,gtcrn_pretrained,mono,1.9633,3.7243,1.6947,0.8445,40.0591,nan,nan,nan
mad_communication,mad:training/317_1,ZxTJVpUlwZc,6.0000,r7,ref_dup,2.5350,3.3950,1.9732,1.0000,45.5056,0.8167,0.0957,0.0106
mad_communication,mad:training/317_1,ZxTJVpUlwZc,6.0000,r7,ref_zero,1.9256,3.0685,1.6301,0.0798,9.5029,0.0000,0.0000,0.0000
mad_communication,mad:training/317_1,ZxTJVpUlwZc,6.0000,raw,mono,1.1936,1.1470,1.1005,0.0000,0.0000,nan,nan,nan
mad_communication,mad:training/320_3,VZixjxo4OOI,3.0000,gtcrn_pretrained,mono,1.9424,3.6771,1.5522,0.9867,43.4021,nan,nan,nan
mad_communication,mad:training/320_3,VZixjxo4OOI,3.0000,r7,ref_dup,2.3493,3.2192,1.8478,1.0000,43.2736,0.8783,0.0635,0.0000
mad_communication,mad:training/320_3,VZixjxo4OOI,3.0000,r7,ref_zero,1.2312,1.9166,1.2261,0.1800,10.8452,0.0000,0.0000,0.0000
mad_communication,mad:training/320_3,VZixjxo4OOI,3.0000,raw,mono,1.1648,1.1567,1.0721,0.0000,0.0000,nan,nan,nan
mad_communication,mad:training/322_5,dVOVf1TaHYk,10.0000,gtcrn_pretrained,mono,3.0600,3.8535,2.7492,0.0962,5.2467,nan,nan,nan
mad_communication,mad:training/322_5,dVOVf1TaHYk,10.0000,r7,ref_dup,2.1757,3.7752,1.7563,1.0000,39.9403,0.6084,0.2109,0.0000
mad_communication,mad:training/322_5,dVOVf1TaHYk,10.0000,r7,ref_zero,3.1151,3.4401,2.6706,0.0064,2.1228,0.0000,0.0000,0.0000
mad_communication,mad:training/322_5,dVOVf1TaHYk,10.0000,raw,mono,3.4750,2.8656,2.6159,0.0000,0.0000,nan,nan,nan
mad_communication,mad:training/328_10,MSXFauKSLXo,4.0000,gtcrn_pretrained,mono,3.3766,3.9386,3.0284,0.0609,4.8158,nan,nan,nan
mad_communication,mad:training/328_10,MSXFauKSLXo,4.0000,r7,ref_dup,2.5852,3.8436,1.9884,1.0000,38.6705,0.4977,0.2948,0.0159
mad_communication,mad:training/328_10,MSXFauKSLXo,4.0000,r7,ref_zero,3.4145,3.6311,2.8744,0.0000,1.9637,0.0000,0.0000,0.0000
mad_communication,mad:training/328_10,MSXFauKSLXo,4.0000,raw,mono,3.5299,3.5987,2.9811,0.0000,0.0000,nan,nan,nan
mad_communication,mad:training/374_6,Uu6nSOOZA4Y,2.0000,gtcrn_pretrained,mono,2.4308,2.3213,1.6609,0.0200,5.7477,nan,nan,nan
mad_communication,mad:training/374_6,Uu6nSOOZA4Y,2.0000,r7,ref_dup,2.5077,3.2839,1.8572,1.0000,40.1901,0.6435,0.1984,0.0000
mad_communication,mad:training/374_6,Uu6nSOOZA4Y,2.0000,r7,ref_zero,1.6510,1.7921,1.2730,0.0900,4.9170,0.0000,0.0000,0.0000
mad_communication,mad:training/374_6,Uu6nSOOZA4Y,2.0000,raw,mono,1.2007,1.1291,1.1157,0.0000,0.0000,nan,nan,nan
mad_communication,mad:training/379_31,fisa16uerj4,1.0000,gtcrn_pretrained,mono,2.2295,3.8718,2.0034,0.3000,12.9416,nan,nan,nan
mad_communication,mad:training/379_31,fisa16uerj4,1.0000,r7,ref_dup,2.5720,3.6644,1.9381,1.0000,41.3640,1.0000,0.0000,0.0000
mad_communication,mad:training/379_31,fisa16uerj4,1.0000,r7,ref_zero,2.5476,3.8249,2.2425,0.1200,8.8707,0.0000,0.0000,0.0000
mad_communication,mad:training/379_31,fisa16uerj4,1.0000,raw,mono,3.2255,2.9520,2.4766,0.0000,0.0000,nan,nan,nan
mad_communication,mad:training/384_0,0ChWRi55eiI,9.0000,gtcrn_pretrained,mono,2.4663,3.5738,2.1096,0.2289,12.1747,nan,nan,nan
mad_communication,mad:training/384_0,0ChWRi55eiI,9.0000,r7,ref_dup,2.6823,3.5284,2.0407,1.0000,42.2815,0.9832,0.0071,0.0000
mad_communication,mad:training/384_0,0ChWRi55eiI,9.0000,r7,ref_zero,2.4462,2.8461,1.8643,0.1644,7.8582,0.0000,0.0000,0.0000
mad_communication,mad:training/384_0,0ChWRi55eiI,9.0000,raw,mono,1.2651,1.1696,1.1233,0.0000,0.0000,nan,nan,nan
mad_communication,mad:training/389_0,pJOFxu3jfas,4.0000,gtcrn_pretrained,mono,2.7187,3.8733,2.3510,0.1250,8.1623,nan,nan,nan
mad_communication,mad:training/389_0,pJOFxu3jfas,4.0000,r7,ref_dup,2.8023,4.0044,2.1745,1.0000,39.5983,0.9163,0.0398,0.0000
mad_communication,mad:training/389_0,pJOFxu3jfas,4.0000,r7,ref_zero,2.5885,3.4804,2.1180,0.1100,7.9623,0.0000,0.0000,0.0000
mad_communication,mad:training/389_0,pJOFxu3jfas,4.0000,raw,mono,1.3268,1.2431,1.1557,0.0000,0.0000,nan,nan,nan
mad_communication,mad:training/392_8,vaXolON89bE,4.0000,gtcrn_pretrained,mono,3.0355,3.9156,2.7516,0.0216,2.4560,nan,nan,nan
mad_communication,mad:training/392_8,vaXolON89bE,4.0000,r7,ref_dup,2.6244,3.5531,1.9291,1.0000,41.4189,0.5246,0.2749,0.0000
mad_communication,mad:training/392_8,vaXolON89bE,4.0000,r7,ref_zero,3.2353,3.6803,2.7939,0.0000,1.2303,0.0000,0.0000,0.0000
mad_communication,mad:training/392_8,vaXolON89bE,4.0000,raw,mono,3.4612,3.4212,2.8533,0.0000,0.0000,nan,nan,nan
mad_communication,mad:training/393_20,EKuc7AfFrxU,3.0000,gtcrn_pretrained,mono,2.7938,3.9918,2.3743,0.2800,13.2738,nan,nan,nan
mad_communication,mad:training/393_20,EKuc7AfFrxU,3.0000,r7,ref_dup,2.6540,3.8461,2.0171,1.0000,38.4170,0.8995,0.0423,0.0000
mad_communication,mad:training/393_20,EKuc7AfFrxU,3.0000,r7,ref_zero,2.2015,3.7475,1.8067,0.2467,9.9620,0.0000,0.0000,0.0000
mad_communication,mad:training/393_20,EKuc7AfFrxU,3.0000,raw,mono,2.1760,1.7301,1.6096,0.0000,0.0000,nan,nan,nan
mad_communication,mad:training/405_10,qbcWFYhPIRc,5.0000,gtcrn_pretrained,mono,3.0023,3.7499,2.6347,0.0200,2.6757,nan,nan,nan
mad_communication,mad:training/405_10,qbcWFYhPIRc,5.0000,r7,ref_dup,2.5138,3.7103,1.8889,1.0000,41.1616,0.7866,0.1083,0.0000
mad_communication,mad:training/405_10,qbcWFYhPIRc,5.0000,r7,ref_zero,2.9814,2.8063,2.1512,0.0000,1.7251,0.0000,0.0000,0.0000
mad_communication,mad:training/405_10,qbcWFYhPIRc,5.0000,raw,mono,1.2989,1.3180,1.1411,0.0000,0.0000,nan,nan,nan
mad_communication,mad:training/418_0,kgnPh8n3cOc,3.0000,gtcrn_pretrained,mono,3.4038,4.2296,3.2211,0.0968,4.1980,nan,nan,nan
mad_communication,mad:training/418_0,kgnPh8n3cOc,3.0000,r7,ref_dup,2.4868,3.8730,1.9663,1.0000,46.4568,0.5886,0.2857,0.1217
mad_communication,mad:training/418_0,kgnPh8n3cOc,3.0000,r7,ref_zero,3.5006,4.1295,3.2488,0.1452,6.1668,0.0000,0.0000,0.0000
mad_communication,mad:training/418_0,kgnPh8n3cOc,3.0000,raw,mono,3.6086,3.7514,3.1616,0.0000,0.0000,nan,nan,nan
mad_communication,mad:training/421_28,WYEEeQN6ffI,3.0000,gtcrn_pretrained,mono,2.4193,3.8337,1.9360,0.2933,14.2920,nan,nan,nan
mad_communication,mad:training/421_28,WYEEeQN6ffI,3.0000,r7,ref_dup,2.7132,3.9437,2.0935,1.0000,39.8769,0.7831,0.1005,0.0000
mad_communication,mad:training/421_28,WYEEeQN6ffI,3.0000,r7,ref_zero,2.0102,3.6432,1.5971,0.3533,15.1976,0.0000,0.0000,0.0000
mad_communication,mad:training/421_28,WYEEeQN6ffI,3.0000,raw,mono,2.3168,1.9244,1.7069,0.0000,0.0000,nan,nan,nan
mad_communication,mad:training/428_4,oWxhsbE9u6U,8.0000,gtcrn_pretrained,mono,2.5475,3.7294,2.2681,0.2850,13.0343,nan,nan,nan
mad_communication,mad:training/428_4,oWxhsbE9u6U,8.0000,r7,ref_dup,2.7412,3.8324,2.1543,1.0000,39.9618,0.7019,0.1577,0.0000
mad_communication,mad:training/428_4,oWxhsbE9u6U,8.0000,r7,ref_zero,2.5511,2.8196,1.9823,0.1325,7.0133,0.0000,0.0000,0.0000
mad_communication,mad:training/428_4,oWxhsbE9u6U,8.0000,raw,mono,1.8598,1.3029,1.3202,0.0000,0.0000,nan,nan,nan
mad_communication,mad:training/436_21,GJSfEEdV76k,6.0000,gtcrn_pretrained,mono,3.2167,3.7285,2.7547,0.0000,3.0128,nan,nan,nan
mad_communication,mad:training/436_21,GJSfEEdV76k,6.0000,r7,ref_dup,2.6015,3.8071,2.0770,1.0000,43.3322,0.7957,0.1410,0.0612
mad_communication,mad:training/436_21,GJSfEEdV76k,6.0000,r7,ref_zero,3.3023,3.1035,2.5697,0.0000,1.8910,0.0000,0.0000,0.0000
mad_communication,mad:training/436_21,GJSfEEdV76k,6.0000,raw,mono,3.4874,2.9205,2.6176,0.0000,0.0000,nan,nan,nan
mad_communication,mad:training/437_8,dBHGWbfbuuk,5.0000,gtcrn_pretrained,mono,2.8866,3.8817,2.6038,0.3413,15.9093,nan,nan,nan
mad_communication,mad:training/437_8,dBHGWbfbuuk,5.0000,r7,ref_dup,2.6214,3.9412,2.0452,1.0000,48.0962,0.5815,0.2452,0.0382
mad_communication,mad:training/437_8,dBHGWbfbuuk,5.0000,r7,ref_zero,2.8386,3.9692,2.5929,0.3889,14.4142,0.0000,0.0000,0.0000
mad_communication,mad:training/437_8,dBHGWbfbuuk,5.0000,raw,mono,2.9331,3.4948,2.4769,0.0000,0.0000,nan,nan,nan
mad_communication,mad:training/438_1,LRrlQeozSxY,3.0000,gtcrn_pretrained,mono,2.7895,3.7157,2.4495,0.2214,9.0664,nan,nan,nan
mad_communication,mad:training/438_1,LRrlQeozSxY,3.0000,r7,ref_dup,2.5217,3.6708,2.0088,1.0000,42.1545,0.7213,0.1376,0.0000
mad_communication,mad:training/438_1,LRrlQeozSxY,3.0000,r7,ref_zero,2.3988,3.4545,2.0737,0.1069,5.2594,0.0000,0.0000,0.0000
mad_communication,mad:training/438_1,LRrlQeozSxY,3.0000,raw,mono,3.1176,3.1182,2.4859,0.0000,0.0000,nan,nan,nan
mad_communication,mad:training/439_5,XXhzdeMMb8g,3.0000,gtcrn_pretrained,mono,2.7467,4.0210,2.4274,0.4082,17.7670,nan,nan,nan
mad_communication,mad:training/439_5,XXhzdeMMb8g,3.0000,r7,ref_dup,2.4847,3.6057,1.9114,1.0000,36.6480,0.8408,0.0847,0.0000
mad_communication,mad:training/439_5,XXhzdeMMb8g,3.0000,r7,ref_zero,2.0557,3.4509,1.7836,0.1224,7.9643,0.0000,0.0000,0.0000
mad_communication,mad:training/439_5,XXhzdeMMb8g,3.0000,raw,mono,1.9502,1.5383,1.4335,0.0000,0.0000,nan,nan,nan
mad_communication,mad:training/440_3,DnLan6X1tDw,5.0000,gtcrn_pretrained,mono,3.2035,3.9686,2.8287,0.2720,12.4954,nan,nan,nan
mad_communication,mad:training/440_3,DnLan6X1tDw,5.0000,r7,ref_dup,2.5428,3.8069,1.8901,1.0000,38.7237,0.8662,0.0637,0.0000
mad_communication,mad:training/440_3,DnLan6X1tDw,5.0000,r7,ref_zero,3.1571,3.8926,2.7592,0.2280,9.1053,0.0000,0.0000,0.0000
mad_communication,mad:training/440_3,DnLan6X1tDw,5.0000,raw,mono,3.3039,3.1590,2.5785,0.0000,0.0000,nan,nan,nan
mad_communication,mad:training/446_7,b0Tbfheq2oQ,4.0000,gtcrn_pretrained,mono,2.8853,3.8033,2.5750,0.4200,15.6816,nan,nan,nan
mad_communication,mad:training/446_7,b0Tbfheq2oQ,4.0000,r7,ref_dup,1.9507,3.3613,1.5257,1.0000,44.9905,0.7291,0.1116,0.0000
mad_communication,mad:training/446_7,b0Tbfheq2oQ,4.0000,r7,ref_zero,2.9499,2.7066,2.2304,0.3050,12.2479,0.0000,0.0000,0.0000
mad_communication,mad:training/446_7,b0Tbfheq2oQ,4.0000,raw,mono,3.2386,1.5016,1.8349,0.0000,0.0000,nan,nan,nan
mad_communication,mad:training/447_7,tM3fIawjRn8,5.0000,gtcrn_pretrained,mono,2.7720,4.0211,2.4478,0.5080,23.0322,nan,nan,nan
mad_communication,mad:training/447_7,tM3fIawjRn8,5.0000,r7,ref_dup,2.8027,3.9641,2.1912,1.0000,40.6067,0.7866,0.1083,0.0000
mad_communication,mad:training/447_7,tM3fIawjRn8,5.0000,r7,ref_zero,2.5826,3.7929,2.2281,0.4080,16.3116,0.0000,0.0000,0.0000
mad_communication,mad:training/447_7,tM3fIawjRn8,5.0000,raw,mono,2.9776,2.8157,2.3058,0.0000,0.0000,nan,nan,nan
mad_communication,mad:training/448_10,3O1G1B7izSI,8.0000,gtcrn_pretrained,mono,2.5288,3.7904,2.2999,0.2456,13.7279,nan,nan,nan
mad_communication,mad:training/448_10,3O1G1B7izSI,8.0000,r7,ref_dup,2.6446,3.6953,2.0734,1.0000,43.8245,0.7630,0.1238,0.0000
mad_communication,mad:training/448_10,3O1G1B7izSI,8.0000,r7,ref_zero,2.4057,2.8184,1.8557,0.1429,5.8597,0.0000,0.0000,0.0000
mad_communication,mad:training/448_10,3O1G1B7izSI,8.0000,raw,mono,2.3820,1.7236,1.5323,0.0000,0.0000,nan,nan,nan
mad_communication,mad:training/454_5,L35RtDA0lqk,10.0000,gtcrn_pretrained,mono,2.2344,3.8666,2.0625,0.5280,24.1674,nan,nan,nan
mad_communication,mad:training/454_5,L35RtDA0lqk,10.0000,r7,ref_dup,2.4861,3.4860,1.8827,1.0000,40.8756,0.7939,0.1054,0.0000
mad_communication,mad:training/454_5,L35RtDA0lqk,10.0000,r7,ref_zero,2.0046,2.9787,1.6745,0.3320,13.2701,0.0000,0.0000,0.0000
mad_communication,mad:training/454_5,L35RtDA0lqk,10.0000,raw,mono,1.4374,1.3148,1.2124,0.0000,0.0000,nan,nan,nan
mad_communication,mad:training/460_8,Dumo2etHkIk,9.0000,gtcrn_pretrained,mono,2.9206,3.9486,2.6418,0.2156,10.6182,nan,nan,nan
mad_communication,mad:training/460_8,Dumo2etHkIk,9.0000,r7,ref_dup,2.6083,3.6391,2.0263,1.0000,37.3863,0.7537,0.1259,0.0035
mad_communication,mad:training/460_8,Dumo2etHkIk,9.0000,r7,ref_zero,3.0453,3.7407,2.6748,0.1689,7.8595,0.0000,0.0000,0.0000
mad_communication,mad:training/460_8,Dumo2etHkIk,9.0000,raw,mono,3.5257,2.5409,2.4185,0.0000,0.0000,nan,nan,nan
mad_communication,mad:training/461_6,hVgXyf3cyJI,6.0000,gtcrn_pretrained,mono,3.0466,3.5297,2.6089,0.0168,5.1498,nan,nan,nan
mad_communication,mad:training/461_6,hVgXyf3cyJI,6.0000,r7,ref_dup,2.3079,3.4820,1.7946,1.0000,40.9735,0.8723,0.0691,0.0000
mad_communication,mad:training/461_6,hVgXyf3cyJI,6.0000,r7,ref_zero,2.7211,2.8755,2.1098,0.0909,6.1812,0.0000,0.0000,0.0000
mad_communication,mad:training/461_6,hVgXyf3cyJI,6.0000,raw,mono,3.4295,2.2735,2.2973,0.0000,0.0000,nan,nan,nan
mad_communication,mad:training/462_10,u43Z54mddn4,10.0000,gtcrn_pretrained,mono,2.8332,4.0481,2.5291,0.5120,21.8378,nan,nan,nan
mad_communication,mad:training/462_10,u43Z54mddn4,10.0000,r7,ref_dup,2.6100,3.7203,2.0740,1.0000,34.6572,0.8512,0.0735,0.0016
mad_communication,mad:training/462_10,u43Z54mddn4,10.0000,r7,ref_zero,2.8565,3.4049,2.3745,0.2620,11.8075,0.0000,0.0000,0.0000
mad_communication,mad:training/462_10,u43Z54mddn4,10.0000,raw,mono,3.2944,2.5396,2.2433,0.0000,0.0000,nan,nan,nan
mad_communication,mad:training/463_4,_e6-UA3PRIU,5.0000,gtcrn_pretrained,mono,2.1132,3.8018,1.9092,0.5584,23.7725,nan,nan,nan
mad_communication,mad:training/463_4,_e6-UA3PRIU,5.0000,r7,ref_dup,2.5271,3.9432,1.9879,1.0000,45.9174,0.5257,0.2834,0.0000
mad_communication,mad:training/463_4,_e6-UA3PRIU,5.0000,r7,ref_zero,2.2656,3.3056,1.8962,0.4589,18.2622,0.0000,0.0000,0.0000
mad_communication,mad:training/463_4,_e6-UA3PRIU,5.0000,raw,mono,1.2951,1.3043,1.1294,0.0000,0.0000,nan,nan,nan
mad_communication,mad:training/464_31,UOuGC4NErpo,5.0000,gtcrn_pretrained,mono,2.7158,3.7308,2.3774,0.2320,12.7780,nan,nan,nan
mad_communication,mad:training/464_31,UOuGC4NErpo,5.0000,r7,ref_dup,2.5365,3.6170,1.9857,1.0000,37.1727,0.8392,0.0796,0.0000
mad_communication,mad:training/464_31,UOuGC4NErpo,5.0000,r7,ref_zero,2.2373,3.0233,1.8549,0.1240,8.2419,0.0000,0.0000,0.0000
mad_communication,mad:training/464_31,UOuGC4NErpo,5.0000,raw,mono,2.6599,2.0432,1.7611,0.0000,0.0000,nan,nan,nan
mad_communication,mad:training/468_5,SSb7xh7yFGs,3.0000,gtcrn_pretrained,mono,2.1462,3.9673,1.9045,0.3200,13.2338,nan,nan,nan
mad_communication,mad:training/468_5,SSb7xh7yFGs,3.0000,r7,ref_dup,2.5538,3.8663,1.9780,1.0000,36.8111,0.5816,0.2169,0.0000
mad_communication,mad:training/468_5,SSb7xh7yFGs,3.0000,r7,ref_zero,1.7073,3.2071,1.3847,0.0067,3.0520,0.0000,0.0000,0.0000
mad_communication,mad:training/468_5,SSb7xh7yFGs,3.0000,raw,mono,2.2921,2.3783,1.6022,0.0000,0.0000,nan,nan,nan
mad_communication,mad:training/471_0,jNGOgWcdtBI,4.0000,gtcrn_pretrained,mono,2.8561,3.8991,2.5241,0.2033,8.6042,nan,nan,nan
mad_communication,mad:training/471_0,jNGOgWcdtBI,4.0000,r7,ref_dup,2.5434,3.7769,1.9970,1.0000,39.2900,0.7872,0.1036,0.0000
mad_communication,mad:training/471_0,jNGOgWcdtBI,4.0000,r7,ref_zero,2.7988,3.1155,2.1914,0.1374,7.2392,0.0000,0.0000,0.0000
mad_communication,mad:training/471_0,jNGOgWcdtBI,4.0000,raw,mono,2.9736,1.9398,1.8807,0.0000,0.0000,nan,nan,nan
mad_communication,mad:training/474_0,tP-ysPz7tJ8,6.0000,gtcrn_pretrained,mono,2.3262,3.6049,2.0353,0.3901,15.8375,nan,nan,nan
mad_communication,mad:training/474_0,tP-ysPz7tJ8,6.0000,r7,ref_dup,2.5910,3.8904,2.0215,1.0000,40.1522,0.6261,0.2314,0.0266
mad_communication,mad:training/474_0,tP-ysPz7tJ8,6.0000,r7,ref_zero,2.5627,3.2572,2.1742,0.2088,9.5464,0.0000,0.0000,0.0000
mad_communication,mad:training/474_0,tP-ysPz7tJ8,6.0000,raw,mono,3.1132,2.9002,2.4052,0.0000,0.0000,nan,nan,nan
mad_communication,mad:training/481_1,Zmtts5FaNDA,5.0000,gtcrn_pretrained,mono,2.3749,3.6097,2.1366,0.2920,15.3883,nan,nan,nan
mad_communication,mad:training/481_1,Zmtts5FaNDA,5.0000,r7,ref_dup,2.4124,3.2114,1.8129,1.0000,42.5378,0.7643,0.1306,0.0000
mad_communication,mad:training/481_1,Zmtts5FaNDA,5.0000,r7,ref_zero,2.1676,2.7813,1.7531,0.1200,5.9276,0.0000,0.0000,0.0000
mad_communication,mad:training/481_1,Zmtts5FaNDA,5.0000,raw,mono,1.8029,1.4050,1.3194,0.0000,0.0000,nan,nan,nan
mad_communication,mad:training/482_14,1l8J2t37tD4,7.0000,gtcrn_pretrained,mono,3.4221,4.0818,3.1381,0.0155,1.8676,nan,nan,nan
mad_communication,mad:training/482_14,1l8J2t37tD4,7.0000,r7,ref_dup,2.5989,3.8794,2.0491,1.0000,42.8816,0.6173,0.2369,0.0501
mad_communication,mad:training/482_14,1l8J2t37tD4,7.0000,r7,ref_zero,3.3380,3.5699,2.7800,0.0000,0.1036,0.0000,0.0000,0.0000
mad_communication,mad:training/482_14,1l8J2t37tD4,7.0000,raw,mono,3.4405,3.5015,2.8366,0.0000,0.0000,nan,nan,nan
mad_communication,mad:training/486_3,XHR0ZpBqiu4,9.0000,gtcrn_pretrained,mono,3.2863,4.1052,3.0385,0.0000,0.7127,nan,nan,nan
mad_communication,mad:training/486_3,XHR0ZpBqiu4,9.0000,r7,ref_dup,2.6953,3.9016,2.1117,1.0000,43.0817,0.6436,0.2074,0.0142
mad_communication,mad:training/486_3,XHR0ZpBqiu4,9.0000,r7,ref_zero,3.2139,3.7852,2.8191,0.0000,0.3276,0.0000,0.0000,0.0000
mad_communication,mad:training/486_3,XHR0ZpBqiu4,9.0000,raw,mono,3.4147,3.7254,2.9566,0.0000,0.0000,nan,nan,nan
mad_communication,mad:training/489_3,nvgd3VMzKVM,4.0000,gtcrn_pretrained,mono,2.4731,3.9411,1.9620,0.2050,13.3797,nan,nan,nan
mad_communication,mad:training/489_3,nvgd3VMzKVM,4.0000,r7,ref_dup,2.7757,4.0219,2.2006,1.0000,32.8279,0.7968,0.1275,0.0239
mad_communication,mad:training/489_3,nvgd3VMzKVM,4.0000,r7,ref_zero,1.8433,2.9232,1.3844,0.0000,5.0493,0.0000,0.0000,0.0000
mad_communication,mad:training/489_3,nvgd3VMzKVM,4.0000,raw,mono,1.2204,1.5763,1.0083,0.0000,0.0000,nan,nan,nan
mad_communication,mad:training/494_9,gshBDiDBHnk,8.0000,gtcrn_pretrained,mono,2.3230,3.3990,2.0016,0.3225,14.7194,nan,nan,nan
mad_communication,mad:training/494_9,gshBDiDBHnk,8.0000,r7,ref_dup,2.3761,3.5206,1.9330,1.0000,41.6066,0.8777,0.0599,0.0000
mad_communication,mad:training/494_9,gshBDiDBHnk,8.0000,r7,ref_zero,2.8514,2.3386,1.8937,0.1300,8.2182,0.0000,0.0000,0.0000
mad_communication,mad:training/494_9,gshBDiDBHnk,8.0000,raw,mono,1.8884,1.1472,1.2469,0.0000,0.0000,nan,nan,nan
mad_communication,mad:training/496_4,AZmYdFyzTzc,9.0000,gtcrn_pretrained,mono,2.1789,3.4991,1.8972,0.3527,15.8494,nan,nan,nan
mad_communication,mad:training/496_4,AZmYdFyzTzc,9.0000,r7,ref_dup,2.4063,3.6148,1.8905,1.0000,37.7457,0.7253,0.1720,0.0301
mad_communication,mad:training/496_4,AZmYdFyzTzc,9.0000,r7,ref_zero,2.1814,3.0593,1.8286,0.1546,9.2965,0.0000,0.0000,0.0000
mad_communication,mad:training/496_4,AZmYdFyzTzc,9.0000,raw,mono,1.1868,1.1258,1.1147,0.0000,0.0000,nan,nan,nan
mad_communication,mad:training/511_2,C0NzkieCEBU,5.0000,gtcrn_pretrained,mono,3.2774,3.2018,2.6142,0.0095,2.1524,nan,nan,nan
mad_communication,mad:training/511_2,C0NzkieCEBU,5.0000,r7,ref_dup,2.2027,3.6197,1.8496,1.0000,42.6927,0.5141,0.2580,0.0159
mad_communication,mad:training/511_2,C0NzkieCEBU,5.0000,r7,ref_zero,3.4546,2.5669,2.4720,0.0047,1.7152,0.0000,0.0000,0.0000
mad_communication,mad:training/511_2,C0NzkieCEBU,5.0000,raw,mono,3.4714,2.3932,2.4142,0.0000,0.0000,nan,nan,nan
mad_communication,mad:training/515_11,2azM9R_qEUU,4.0000,gtcrn_pretrained,mono,3.0026,3.9384,2.6599,0.0350,3.7549,nan,nan,nan
mad_communication,mad:training/515_11,2azM9R_qEUU,4.0000,r7,ref_dup,2.6132,3.5547,1.9794,1.0000,36.9615,0.6042,0.2072,0.0000
mad_communication,mad:training/515_11,2azM9R_qEUU,4.0000,r7,ref_zero,2.8033,3.7145,2.3564,0.0150,3.3226,0.0000,0.0000,0.0000
mad_communication,mad:training/515_11,2azM9R_qEUU,4.0000,raw,mono,3.2306,3.0245,2.3762,0.0000,0.0000,nan,nan,nan
web_abcd,web:abcd,abcd,37.1519,gtcrn_pretrained,mono,2.2225,3.4177,1.9475,0.3278,14.2189,nan,nan,nan
web_abcd,web:abcd,abcd,37.1519,r7,ref_dup,2.7432,3.9473,2.1562,1.0000,63.1820,0.0030,0.9970,0.9966
web_abcd,web:abcd,abcd,37.1519,r7,ref_zero,2.2839,2.6679,1.8133,0.1440,9.4698,0.0030,0.0000,0.0000
web_abcd,web:abcd,abcd,37.1519,r7,stereo_LR,2.0480,2.7946,1.6083,0.7917,29.4494,0.6381,0.0693,0.0086
web_abcd,web:abcd,abcd,37.1519,raw,mono,1.2093,1.1312,1.1161,0.0000,0.0000,nan,nan,nan
